region_code,target_weeks,forecasts,skipped,skipped_target_weeks
albany,156,154,2,2024-12-23 2024-12-30
batavia,156,154,2,2024-12-23 2024-12-30
binghamton,156,154,2,2024-12-23 2024-12-30
buffalo,156,154,2,2024-12-23 2024-12-30
dutchess,156,154,2,2024-12-23 2024-12-30
elmira,156,154,2,2024-12-23 2024-12-30
glens_falls,156,154,2,2024-12-23 2024-12-30
ithaca,156,154,2,2024-12-23 2024-12-30
kingston,156,154,2,2024-12-23 2024-12-30
nassau,156,154,2,2024-12-23 2024-12-30
new_york_city,156,154,2,2024-12-23 2024-12-30
rochester,156,154,2,2024-12-23 2024-12-30
syracuse,156,154,2,2024-12-23 2024-12-30
utica,156,154,2,2024-12-23 2024-12-30
watertown,156,154,2,2024-12-23 2024-12-30
white_plains,156,154,2,2024-12-23 2024-12-30
