information_set,run,origin_week,training_rows,latest_training_target_week
primary,main,2022-12-26,3888,2022-12-26
primary,main,2023-01-02,3904,2023-01-02
primary,main,2023-01-09,3920,2023-01-09
primary,main,2023-01-16,3936,2023-01-16
primary,main,2023-01-23,3952,2023-01-23
primary,main,2023-01-30,3968,2023-01-30
primary,main,2023-02-06,3984,2023-02-06
primary,main,2023-02-13,4000,2023-02-13
primary,main,2023-02-20,4016,2023-02-20
primary,main,2023-02-27,4032,2023-02-27
primary,main,2023-03-06,4048,2023-03-06
primary,main,2023-03-13,4064,2023-03-13
primary,main,2023-03-20,4080,2023-03-20
primary,main,2023-03-27,4096,2023-03-27
primary,main,2023-04-03,4112,2023-04-03
primary,main,2023-04-10,4128,2023-04-10
primary,main,2023-04-17,4144,2023-04-17
primary,main,2023-04-24,4160,2023-04-24
primary,main,2023-05-01,4176,2023-05-01
primary,main,2023-05-08,4192,2023-05-08
primary,main,2023-05-15,4208,2023-05-15
primary,main,2023-05-22,4224,2023-05-22
primary,main,2023-05-29,4240,2023-05-29
primary,main,2023-06-05,4256,2023-06-05
primary,main,2023-06-12,4272,2023-06-12
primary,main,2023-06-19,4288,2023-06-19
primary,main,2023-06-26,4304,2023-06-26
primary,main,2023-07-03,4320,2023-07-03
primary,main,2023-07-10,4336,2023-07-10
primary,main,2023-07-17,4352,2023-07-17
primary,main,2023-07-24,4368,2023-07-24
primary,main,2023-07-31,4384,2023-07-31
primary,main,2023-08-07,4400,2023-08-07
primary,main,2023-08-14,4416,2023-08-14
primary,main,2023-08-21,4432,2023-08-21
primary,main,2023-08-28,4448,2023-08-28
primary,main,2023-09-04,4464,2023-09-04
primary,main,2023-09-11,4480,2023-09-11
primary,main,2023-09-18,4496,2023-09-18
primary,main,2023-09-25,4512,2023-09-25
primary,main,2023-10-02,4528,2023-10-02
primary,main,2023-10-09,4544,2023-10-09
primary,main,2023-10-16,4560,2023-10-16
primary,main,2023-10-23,4576,2023-10-23
primary,main,2023-10-30,4592,2023-10-30
primary,main,2023-11-06,4608,2023-11-06
primary,main,2023-11-13,4624,2023-11-13
primary,main,2023-11-20,4640,2023-11-20
primary,main,2023-11-27,4656,2023-11-27
primary,main,2023-12-04,4672,2023-12-04
primary,main,2023-12-11,4688,2023-12-11
primary,main,2023-12-18,4704,2023-12-18
primary,main,2023-12-25,4720,2023-12-25
primary,main,2024-01-01,4736,2024-01-01
primary,main,2024-01-08,4752,2024-01-08
primary,main,2024-01-15,4768,2024-01-15
primary,main,2024-01-22,4784,2024-01-22
primary,main,2024-01-29,4800,2024-01-29
primary,main,2024-02-05,4816,2024-02-05
primary,main,2024-02-12,4832,2024-02-12
primary,main,2024-02-19,4848,2024-02-19
primary,main,2024-02-26,4864,2024-02-26
primary,main,2024-03-04,4880,2024-03-04
primary,main,2024-03-11,4896,2024-03-11
primary,main,2024-03-18,4912,2024-03-18
primary,main,2024-03-25,4928,2024-03-25
primary,main,2024-04-01,4944,2024-04-01
primary,main,2024-04-08,4960,2024-04-08
primary,main,2024-04-15,4976,2024-04-15
primary,main,2024-04-22,4992,2024-04-22
primary,main,2024-04-29,5008,2024-04-29
primary,main,2024-05-06,5024,2024-05-06
primary,main,2024-05-13,5040,2024-05-13
primary,main,2024-05-20,5056,2024-05-20
primary,main,2024-05-27,5072,2024-05-27
primary,main,2024-06-03,5088,2024-06-03
primary,main,2024-06-10,5104,2024-06-10
primary,main,2024-06-17,5120,2024-06-17
primary,main,2024-06-24,5136,2024-06-24
primary,main,2024-07-01,5152,2024-07-01
primary,main,2024-07-08,5168,2024-07-08
primary,main,2024-07-15,5184,2024-07-15
primary,main,2024-07-22,5200,2024-07-22
primary,main,2024-07-29,5216,2024-07-29
primary,main,2024-08-05,5232,2024-08-05
primary,main,2024-08-12,5248,2024-08-12
primary,main,2024-08-19,5264,2024-08-19
primary,main,2024-08-26,5280,2024-08-26
primary,main,2024-09-02,5296,2024-09-02
primary,main,2024-09-09,5312,2024-09-09
primary,main,2024-09-16,5328,2024-09-16
primary,main,2024-09-23,5344,2024-09-23
primary,main,2024-09-30,5360,2024-09-30
primary,main,2024-10-07,5376,2024-10-07
primary,main,2024-10-14,5392,2024-10-14
primary,main,2024-10-21,5408,2024-10-21
primary,main,2024-10-28,5424,2024-10-28
primary,main,2024-11-04,5440,2024-11-04
primary,main,2024-11-11,5456,2024-11-11
primary,main,2024-11-18,5472,2024-11-18
primary,main,2024-11-25,5488,2024-11-25
primary,main,2024-12-02,5504,2024-12-02
primary,main,2024-12-09,5520,2024-12-09
primary,main,2024-12-30,5536,2024-12-16
primary,main,2025-01-06,5552,2025-01-06
primary,main,2025-01-13,5568,2025-01-13
primary,main,2025-01-20,5584,2025-01-20
primary,main,2025-01-27,5600,2025-01-27
primary,main,2025-02-03,5616,2025-02-03
primary,main,2025-02-10,5632,2025-02-10
primary,main,2025-02-17,5648,2025-02-17
primary,main,2025-02-24,5664,2025-02-24
primary,main,2025-03-03,5680,2025-03-03
primary,main,2025-03-10,5696,2025-03-10
primary,main,2025-03-17,5712,2025-03-17
primary,main,2025-03-24,5728,2025-03-24
primary,main,2025-03-31,5744,2025-03-31
primary,main,2025-04-07,5760,2025-04-07
primary,main,2025-04-14,5776,2025-04-14
primary,main,2025-04-21,5792,2025-04-21
primary,main,2025-04-28,5808,2025-04-28
primary,main,2025-05-05,5824,2025-05-05
primary,main,2025-05-12,5840,2025-05-12
primary,main,2025-05-19,5856,2025-05-19
primary,main,2025-05-26,5872,2025-05-26
primary,main,2025-06-02,5888,2025-06-02
primary,main,2025-06-09,5904,2025-06-09
primary,main,2025-06-16,5920,2025-06-16
primary,main,2025-06-23,5936,2025-06-23
primary,main,2025-06-30,5952,2025-06-30
primary,main,2025-07-07,5968,2025-07-07
primary,main,2025-07-14,5984,2025-07-14
primary,main,2025-07-21,6000,2025-07-21
primary,main,2025-07-28,6016,2025-07-28
primary,main,2025-08-04,6032,2025-08-04
primary,main,2025-08-11,6048,2025-08-11
primary,main,2025-08-18,6064,2025-08-18
primary,main,2025-08-25,6080,2025-08-25
primary,main,2025-09-01,6096,2025-09-01
primary,main,2025-09-08,6112,2025-09-08
primary,main,2025-09-15,6128,2025-09-15
primary,main,2025-09-22,6144,2025-09-22
primary,main,2025-09-29,6160,2025-09-29
primary,main,2025-10-06,6176,2025-10-06
primary,main,2025-10-13,6192,2025-10-13
primary,main,2025-10-20,6208,2025-10-20
primary,main,2025-10-27,6224,2025-10-27
primary,main,2025-11-03,6240,2025-11-03
primary,main,2025-11-10,6256,2025-11-10
primary,main,2025-11-17,6272,2025-11-17
primary,main,2025-11-24,6288,2025-11-24
primary,main,2025-12-01,6304,2025-12-01
primary,main,2025-12-08,6320,2025-12-08
primary,main,2025-12-15,6336,2025-12-15
primary,covid_excluded,2022-12-26,2768,2022-12-26
primary,covid_excluded,2023-01-02,2784,2023-01-02
primary,covid_excluded,2023-01-09,2800,2023-01-09
primary,covid_excluded,2023-01-16,2816,2023-01-16
primary,covid_excluded,2023-01-23,2832,2023-01-23
primary,covid_excluded,2023-01-30,2848,2023-01-30
primary,covid_excluded,2023-02-06,2864,2023-02-06
primary,covid_excluded,2023-02-13,2880,2023-02-13
primary,covid_excluded,2023-02-20,2896,2023-02-20
primary,covid_excluded,2023-02-27,2912,2023-02-27
primary,covid_excluded,2023-03-06,2928,2023-03-06
primary,covid_excluded,2023-03-13,2944,2023-03-13
primary,covid_excluded,2023-03-20,2960,2023-03-20
primary,covid_excluded,2023-03-27,2976,2023-03-27
primary,covid_excluded,2023-04-03,2992,2023-04-03
primary,covid_excluded,2023-04-10,3008,2023-04-10
primary,covid_excluded,2023-04-17,3024,2023-04-17
primary,covid_excluded,2023-04-24,3040,2023-04-24
primary,covid_excluded,2023-05-01,3056,2023-05-01
primary,covid_excluded,2023-05-08,3072,2023-05-08
primary,covid_excluded,2023-05-15,3088,2023-05-15
primary,covid_excluded,2023-05-22,3104,2023-05-22
primary,covid_excluded,2023-05-29,3120,2023-05-29
primary,covid_excluded,2023-06-05,3136,2023-06-05
primary,covid_excluded,2023-06-12,3152,2023-06-12
primary,covid_excluded,2023-06-19,3168,2023-06-19
primary,covid_excluded,2023-06-26,3184,2023-06-26
primary,covid_excluded,2023-07-03,3200,2023-07-03
primary,covid_excluded,2023-07-10,3216,2023-07-10
primary,covid_excluded,2023-07-17,3232,2023-07-17
primary,covid_excluded,2023-07-24,3248,2023-07-24
primary,covid_excluded,2023-07-31,3264,2023-07-31
primary,covid_excluded,2023-08-07,3280,2023-08-07
primary,covid_excluded,2023-08-14,3296,2023-08-14
primary,covid_excluded,2023-08-21,3312,2023-08-21
primary,covid_excluded,2023-08-28,3328,2023-08-28
primary,covid_excluded,2023-09-04,3344,2023-09-04
primary,covid_excluded,2023-09-11,3360,2023-09-11
primary,covid_excluded,2023-09-18,3376,2023-09-18
primary,covid_excluded,2023-09-25,3392,2023-09-25
primary,covid_excluded,2023-10-02,3408,2023-10-02
primary,covid_excluded,2023-10-09,3424,2023-10-09
primary,covid_excluded,2023-10-16,3440,2023-10-16
primary,covid_excluded,2023-10-23,3456,2023-10-23
primary,covid_excluded,2023-10-30,3472,2023-10-30
primary,covid_excluded,2023-11-06,3488,2023-11-06
primary,covid_excluded,2023-11-13,3504,2023-11-13
primary,covid_excluded,2023-11-20,3520,2023-11-20
primary,covid_excluded,2023-11-27,3536,2023-11-27
primary,covid_excluded,2023-12-04,3552,2023-12-04
primary,covid_excluded,2023-12-11,3568,2023-12-11
primary,covid_excluded,2023-12-18,3584,2023-12-18
primary,covid_excluded,2023-12-25,3600,2023-12-25
primary,covid_excluded,2024-01-01,3616,2024-01-01
primary,covid_excluded,2024-01-08,3632,2024-01-08
primary,covid_excluded,2024-01-15,3648,2024-01-15
primary,covid_excluded,2024-01-22,3664,2024-01-22
primary,covid_excluded,2024-01-29,3680,2024-01-29
primary,covid_excluded,2024-02-05,3696,2024-02-05
primary,covid_excluded,2024-02-12,3712,2024-02-12
primary,covid_excluded,2024-02-19,3728,2024-02-19
primary,covid_excluded,2024-02-26,3744,2024-02-26
primary,covid_excluded,2024-03-04,3760,2024-03-04
primary,covid_excluded,2024-03-11,3776,2024-03-11
primary,covid_excluded,2024-03-18,3792,2024-03-18
primary,covid_excluded,2024-03-25,3808,2024-03-25
primary,covid_excluded,2024-04-01,3824,2024-04-01
primary,covid_excluded,2024-04-08,3840,2024-04-08
primary,covid_excluded,2024-04-15,3856,2024-04-15
primary,covid_excluded,2024-04-22,3872,2024-04-22
primary,covid_excluded,2024-04-29,3888,2024-04-29
primary,covid_excluded,2024-05-06,3904,2024-05-06
primary,covid_excluded,2024-05-13,3920,2024-05-13
primary,covid_excluded,2024-05-20,3936,2024-05-20
primary,covid_excluded,2024-05-27,3952,2024-05-27
primary,covid_excluded,2024-06-03,3968,2024-06-03
primary,covid_excluded,2024-06-10,3984,2024-06-10
primary,covid_excluded,2024-06-17,4000,2024-06-17
primary,covid_excluded,2024-06-24,4016,2024-06-24
primary,covid_excluded,2024-07-01,4032,2024-07-01
primary,covid_excluded,2024-07-08,4048,2024-07-08
primary,covid_excluded,2024-07-15,4064,2024-07-15
primary,covid_excluded,2024-07-22,4080,2024-07-22
primary,covid_excluded,2024-07-29,4096,2024-07-29
primary,covid_excluded,2024-08-05,4112,2024-08-05
primary,covid_excluded,2024-08-12,4128,2024-08-12
primary,covid_excluded,2024-08-19,4144,2024-08-19
primary,covid_excluded,2024-08-26,4160,2024-08-26
primary,covid_excluded,2024-09-02,4176,2024-09-02
primary,covid_excluded,2024-09-09,4192,2024-09-09
primary,covid_excluded,2024-09-16,4208,2024-09-16
primary,covid_excluded,2024-09-23,4224,2024-09-23
primary,covid_excluded,2024-09-30,4240,2024-09-30
primary,covid_excluded,2024-10-07,4256,2024-10-07
primary,covid_excluded,2024-10-14,4272,2024-10-14
primary,covid_excluded,2024-10-21,4288,2024-10-21
primary,covid_excluded,2024-10-28,4304,2024-10-28
primary,covid_excluded,2024-11-04,4320,2024-11-04
primary,covid_excluded,2024-11-11,4336,2024-11-11
primary,covid_excluded,2024-11-18,4352,2024-11-18
primary,covid_excluded,2024-11-25,4368,2024-11-25
primary,covid_excluded,2024-12-02,4384,2024-12-02
primary,covid_excluded,2024-12-09,4400,2024-12-09
primary,covid_excluded,2024-12-30,4416,2024-12-16
primary,covid_excluded,2025-01-06,4432,2025-01-06
primary,covid_excluded,2025-01-13,4448,2025-01-13
primary,covid_excluded,2025-01-20,4464,2025-01-20
primary,covid_excluded,2025-01-27,4480,2025-01-27
primary,covid_excluded,2025-02-03,4496,2025-02-03
primary,covid_excluded,2025-02-10,4512,2025-02-10
primary,covid_excluded,2025-02-17,4528,2025-02-17
primary,covid_excluded,2025-02-24,4544,2025-02-24
primary,covid_excluded,2025-03-03,4560,2025-03-03
primary,covid_excluded,2025-03-10,4576,2025-03-10
primary,covid_excluded,2025-03-17,4592,2025-03-17
primary,covid_excluded,2025-03-24,4608,2025-03-24
primary,covid_excluded,2025-03-31,4624,2025-03-31
primary,covid_excluded,2025-04-07,4640,2025-04-07
primary,covid_excluded,2025-04-14,4656,2025-04-14
primary,covid_excluded,2025-04-21,4672,2025-04-21
primary,covid_excluded,2025-04-28,4688,2025-04-28
primary,covid_excluded,2025-05-05,4704,2025-05-05
primary,covid_excluded,2025-05-12,4720,2025-05-12
primary,covid_excluded,2025-05-19,4736,2025-05-19
primary,covid_excluded,2025-05-26,4752,2025-05-26
primary,covid_excluded,2025-06-02,4768,2025-06-02
primary,covid_excluded,2025-06-09,4784,2025-06-09
primary,covid_excluded,2025-06-16,4800,2025-06-16
primary,covid_excluded,2025-06-23,4816,2025-06-23
primary,covid_excluded,2025-06-30,4832,2025-06-30
primary,covid_excluded,2025-07-07,4848,2025-07-07
primary,covid_excluded,2025-07-14,4864,2025-07-14
primary,covid_excluded,2025-07-21,4880,2025-07-21
primary,covid_excluded,2025-07-28,4896,2025-07-28
primary,covid_excluded,2025-08-04,4912,2025-08-04
primary,covid_excluded,2025-08-11,4928,2025-08-11
primary,covid_excluded,2025-08-18,4944,2025-08-18
primary,covid_excluded,2025-08-25,4960,2025-08-25
primary,covid_excluded,2025-09-01,4976,2025-09-01
primary,covid_excluded,2025-09-08,4992,2025-09-08
primary,covid_excluded,2025-09-15,5008,2025-09-15
primary,covid_excluded,2025-09-22,5024,2025-09-22
primary,covid_excluded,2025-09-29,5040,2025-09-29
primary,covid_excluded,2025-10-06,5056,2025-10-06
primary,covid_excluded,2025-10-13,5072,2025-10-13
primary,covid_excluded,2025-10-20,5088,2025-10-20
primary,covid_excluded,2025-10-27,5104,2025-10-27
primary,covid_excluded,2025-11-03,5120,2025-11-03
primary,covid_excluded,2025-11-10,5136,2025-11-10
primary,covid_excluded,2025-11-17,5152,2025-11-17
primary,covid_excluded,2025-11-24,5168,2025-11-24
primary,covid_excluded,2025-12-01,5184,2025-12-01
primary,covid_excluded,2025-12-08,5200,2025-12-08
primary,covid_excluded,2025-12-15,5216,2025-12-15
secondary,main,2022-12-26,3888,2022-12-26
secondary,main,2023-01-02,3904,2023-01-02
secondary,main,2023-01-09,3920,2023-01-09
secondary,main,2023-01-16,3936,2023-01-16
secondary,main,2023-01-23,3952,2023-01-23
secondary,main,2023-01-30,3968,2023-01-30
secondary,main,2023-02-06,3984,2023-02-06
secondary,main,2023-02-13,4000,2023-02-13
secondary,main,2023-02-20,4016,2023-02-20
secondary,main,2023-02-27,4032,2023-02-27
secondary,main,2023-03-06,4048,2023-03-06
secondary,main,2023-03-13,4064,2023-03-13
secondary,main,2023-03-20,4080,2023-03-20
secondary,main,2023-03-27,4096,2023-03-27
secondary,main,2023-04-03,4112,2023-04-03
secondary,main,2023-04-10,4128,2023-04-10
secondary,main,2023-04-17,4144,2023-04-17
secondary,main,2023-04-24,4160,2023-04-24
secondary,main,2023-05-01,4176,2023-05-01
secondary,main,2023-05-08,4192,2023-05-08
secondary,main,2023-05-15,4208,2023-05-15
secondary,main,2023-05-22,4224,2023-05-22
secondary,main,2023-05-29,4240,2023-05-29
secondary,main,2023-06-05,4256,2023-06-05
secondary,main,2023-06-12,4272,2023-06-12
secondary,main,2023-06-19,4288,2023-06-19
secondary,main,2023-06-26,4304,2023-06-26
secondary,main,2023-07-03,4320,2023-07-03
secondary,main,2023-07-10,4336,2023-07-10
secondary,main,2023-07-17,4352,2023-07-17
secondary,main,2023-07-24,4368,2023-07-24
secondary,main,2023-07-31,4384,2023-07-31
secondary,main,2023-08-07,4400,2023-08-07
secondary,main,2023-08-14,4416,2023-08-14
secondary,main,2023-08-21,4432,2023-08-21
secondary,main,2023-08-28,4448,2023-08-28
secondary,main,2023-09-04,4464,2023-09-04
secondary,main,2023-09-11,4480,2023-09-11
secondary,main,2023-09-18,4496,2023-09-18
secondary,main,2023-09-25,4512,2023-09-25
secondary,main,2023-10-02,4528,2023-10-02
secondary,main,2023-10-09,4544,2023-10-09
secondary,main,2023-10-16,4560,2023-10-16
secondary,main,2023-10-23,4576,2023-10-23
secondary,main,2023-10-30,4592,2023-10-30
secondary,main,2023-11-06,4608,2023-11-06
secondary,main,2023-11-13,4624,2023-11-13
secondary,main,2023-11-20,4640,2023-11-20
secondary,main,2023-11-27,4656,2023-11-27
secondary,main,2023-12-04,4672,2023-12-04
secondary,main,2023-12-11,4688,2023-12-11
secondary,main,2023-12-18,4704,2023-12-18
secondary,main,2023-12-25,4720,2023-12-25
secondary,main,2024-01-01,4736,2024-01-01
secondary,main,2024-01-08,4752,2024-01-08
secondary,main,2024-01-15,4768,2024-01-15
secondary,main,2024-01-22,4784,2024-01-22
secondary,main,2024-01-29,4800,2024-01-29
secondary,main,2024-02-05,4816,2024-02-05
secondary,main,2024-02-12,4832,2024-02-12
secondary,main,2024-02-19,4848,2024-02-19
secondary,main,2024-02-26,4864,2024-02-26
secondary,main,2024-03-04,4880,2024-03-04
secondary,main,2024-03-11,4896,2024-03-11
secondary,main,2024-03-18,4912,2024-03-18
secondary,main,2024-03-25,4928,2024-03-25
secondary,main,2024-04-01,4944,2024-04-01
secondary,main,2024-04-08,4960,2024-04-08
secondary,main,2024-04-15,4976,2024-04-15
secondary,main,2024-04-22,4992,2024-04-22
secondary,main,2024-04-29,5008,2024-04-29
secondary,main,2024-05-06,5024,2024-05-06
secondary,main,2024-05-13,5040,2024-05-13
secondary,main,2024-05-20,5056,2024-05-20
secondary,main,2024-05-27,5072,2024-05-27
secondary,main,2024-06-03,5088,2024-06-03
secondary,main,2024-06-10,5104,2024-06-10
secondary,main,2024-06-17,5120,2024-06-17
secondary,main,2024-06-24,5136,2024-06-24
secondary,main,2024-07-01,5152,2024-07-01
secondary,main,2024-07-08,5168,2024-07-08
secondary,main,2024-07-15,5184,2024-07-15
secondary,main,2024-07-22,5200,2024-07-22
secondary,main,2024-07-29,5216,2024-07-29
secondary,main,2024-08-05,5232,2024-08-05
secondary,main,2024-08-12,5248,2024-08-12
secondary,main,2024-08-19,5264,2024-08-19
secondary,main,2024-08-26,5280,2024-08-26
secondary,main,2024-09-02,5296,2024-09-02
secondary,main,2024-09-09,5312,2024-09-09
secondary,main,2024-09-16,5328,2024-09-16
secondary,main,2024-09-23,5344,2024-09-23
secondary,main,2024-09-30,5360,2024-09-30
secondary,main,2024-10-07,5376,2024-10-07
secondary,main,2024-10-14,5392,2024-10-14
secondary,main,2024-10-21,5408,2024-10-21
secondary,main,2024-10-28,5424,2024-10-28
secondary,main,2024-11-04,5440,2024-11-04
secondary,main,2024-11-11,5456,2024-11-11
secondary,main,2024-11-18,5472,2024-11-18
secondary,main,2024-11-25,5488,2024-11-25
secondary,main,2024-12-02,5504,2024-12-02
secondary,main,2024-12-09,5520,2024-12-09
secondary,main,2024-12-30,5536,2024-12-16
secondary,main,2025-01-06,5552,2025-01-06
secondary,main,2025-01-13,5568,2025-01-13
secondary,main,2025-01-20,5584,2025-01-20
secondary,main,2025-01-27,5600,2025-01-27
secondary,main,2025-02-03,5616,2025-02-03
secondary,main,2025-02-10,5632,2025-02-10
secondary,main,2025-02-17,5648,2025-02-17
secondary,main,2025-02-24,5664,2025-02-24
secondary,main,2025-03-03,5680,2025-03-03
secondary,main,2025-03-10,5696,2025-03-10
secondary,main,2025-03-17,5712,2025-03-17
secondary,main,2025-03-24,5728,2025-03-24
secondary,main,2025-03-31,5744,2025-03-31
secondary,main,2025-04-07,5760,2025-04-07
secondary,main,2025-04-14,5776,2025-04-14
secondary,main,2025-04-21,5792,2025-04-21
secondary,main,2025-04-28,5808,2025-04-28
secondary,main,2025-05-05,5824,2025-05-05
secondary,main,2025-05-12,5840,2025-05-12
secondary,main,2025-05-19,5856,2025-05-19
secondary,main,2025-05-26,5872,2025-05-26
secondary,main,2025-06-02,5888,2025-06-02
secondary,main,2025-06-09,5904,2025-06-09
secondary,main,2025-06-16,5920,2025-06-16
secondary,main,2025-06-23,5936,2025-06-23
secondary,main,2025-06-30,5952,2025-06-30
secondary,main,2025-07-07,5968,2025-07-07
secondary,main,2025-07-14,5984,2025-07-14
secondary,main,2025-07-21,6000,2025-07-21
secondary,main,2025-07-28,6016,2025-07-28
secondary,main,2025-08-04,6032,2025-08-04
secondary,main,2025-08-11,6048,2025-08-11
secondary,main,2025-08-18,6064,2025-08-18
secondary,main,2025-08-25,6080,2025-08-25
secondary,main,2025-09-01,6096,2025-09-01
secondary,main,2025-09-08,6112,2025-09-08
secondary,main,2025-09-15,6128,2025-09-15
secondary,main,2025-09-22,6144,2025-09-22
secondary,main,2025-09-29,6160,2025-09-29
secondary,main,2025-10-06,6176,2025-10-06
secondary,main,2025-10-13,6192,2025-10-13
secondary,main,2025-10-20,6208,2025-10-20
secondary,main,2025-10-27,6224,2025-10-27
secondary,main,2025-11-03,6240,2025-11-03
secondary,main,2025-11-10,6256,2025-11-10
secondary,main,2025-11-17,6272,2025-11-17
secondary,main,2025-11-24,6288,2025-11-24
secondary,main,2025-12-01,6304,2025-12-01
secondary,main,2025-12-08,6320,2025-12-08
secondary,main,2025-12-15,6336,2025-12-15
secondary,covid_excluded,2022-12-26,2768,2022-12-26
secondary,covid_excluded,2023-01-02,2784,2023-01-02
secondary,covid_excluded,2023-01-09,2800,2023-01-09
secondary,covid_excluded,2023-01-16,2816,2023-01-16
secondary,covid_excluded,2023-01-23,2832,2023-01-23
secondary,covid_excluded,2023-01-30,2848,2023-01-30
secondary,covid_excluded,2023-02-06,2864,2023-02-06
secondary,covid_excluded,2023-02-13,2880,2023-02-13
secondary,covid_excluded,2023-02-20,2896,2023-02-20
secondary,covid_excluded,2023-02-27,2912,2023-02-27
secondary,covid_excluded,2023-03-06,2928,2023-03-06
secondary,covid_excluded,2023-03-13,2944,2023-03-13
secondary,covid_excluded,2023-03-20,2960,2023-03-20
secondary,covid_excluded,2023-03-27,2976,2023-03-27
secondary,covid_excluded,2023-04-03,2992,2023-04-03
secondary,covid_excluded,2023-04-10,3008,2023-04-10
secondary,covid_excluded,2023-04-17,3024,2023-04-17
secondary,covid_excluded,2023-04-24,3040,2023-04-24
secondary,covid_excluded,2023-05-01,3056,2023-05-01
secondary,covid_excluded,2023-05-08,3072,2023-05-08
secondary,covid_excluded,2023-05-15,3088,2023-05-15
secondary,covid_excluded,2023-05-22,3104,2023-05-22
secondary,covid_excluded,2023-05-29,3120,2023-05-29
secondary,covid_excluded,2023-06-05,3136,2023-06-05
secondary,covid_excluded,2023-06-12,3152,2023-06-12
secondary,covid_excluded,2023-06-19,3168,2023-06-19
secondary,covid_excluded,2023-06-26,3184,2023-06-26
secondary,covid_excluded,2023-07-03,3200,2023-07-03
secondary,covid_excluded,2023-07-10,3216,2023-07-10
secondary,covid_excluded,2023-07-17,3232,2023-07-17
secondary,covid_excluded,2023-07-24,3248,2023-07-24
secondary,covid_excluded,2023-07-31,3264,2023-07-31
secondary,covid_excluded,2023-08-07,3280,2023-08-07
secondary,covid_excluded,2023-08-14,3296,2023-08-14
secondary,covid_excluded,2023-08-21,3312,2023-08-21
secondary,covid_excluded,2023-08-28,3328,2023-08-28
secondary,covid_excluded,2023-09-04,3344,2023-09-04
secondary,covid_excluded,2023-09-11,3360,2023-09-11
secondary,covid_excluded,2023-09-18,3376,2023-09-18
secondary,covid_excluded,2023-09-25,3392,2023-09-25
secondary,covid_excluded,2023-10-02,3408,2023-10-02
secondary,covid_excluded,2023-10-09,3424,2023-10-09
secondary,covid_excluded,2023-10-16,3440,2023-10-16
secondary,covid_excluded,2023-10-23,3456,2023-10-23
secondary,covid_excluded,2023-10-30,3472,2023-10-30
secondary,covid_excluded,2023-11-06,3488,2023-11-06
secondary,covid_excluded,2023-11-13,3504,2023-11-13
secondary,covid_excluded,2023-11-20,3520,2023-11-20
secondary,covid_excluded,2023-11-27,3536,2023-11-27
secondary,covid_excluded,2023-12-04,3552,2023-12-04
secondary,covid_excluded,2023-12-11,3568,2023-12-11
secondary,covid_excluded,2023-12-18,3584,2023-12-18
secondary,covid_excluded,2023-12-25,3600,2023-12-25
secondary,covid_excluded,2024-01-01,3616,2024-01-01
secondary,covid_excluded,2024-01-08,3632,2024-01-08
secondary,covid_excluded,2024-01-15,3648,2024-01-15
secondary,covid_excluded,2024-01-22,3664,2024-01-22
secondary,covid_excluded,2024-01-29,3680,2024-01-29
secondary,covid_excluded,2024-02-05,3696,2024-02-05
secondary,covid_excluded,2024-02-12,3712,2024-02-12
secondary,covid_excluded,2024-02-19,3728,2024-02-19
secondary,covid_excluded,2024-02-26,3744,2024-02-26
secondary,covid_excluded,2024-03-04,3760,2024-03-04
secondary,covid_excluded,2024-03-11,3776,2024-03-11
secondary,covid_excluded,2024-03-18,3792,2024-03-18
secondary,covid_excluded,2024-03-25,3808,2024-03-25
secondary,covid_excluded,2024-04-01,3824,2024-04-01
secondary,covid_excluded,2024-04-08,3840,2024-04-08
secondary,covid_excluded,2024-04-15,3856,2024-04-15
secondary,covid_excluded,2024-04-22,3872,2024-04-22
secondary,covid_excluded,2024-04-29,3888,2024-04-29
secondary,covid_excluded,2024-05-06,3904,2024-05-06
secondary,covid_excluded,2024-05-13,3920,2024-05-13
secondary,covid_excluded,2024-05-20,3936,2024-05-20
secondary,covid_excluded,2024-05-27,3952,2024-05-27
secondary,covid_excluded,2024-06-03,3968,2024-06-03
secondary,covid_excluded,2024-06-10,3984,2024-06-10
secondary,covid_excluded,2024-06-17,4000,2024-06-17
secondary,covid_excluded,2024-06-24,4016,2024-06-24
secondary,covid_excluded,2024-07-01,4032,2024-07-01
secondary,covid_excluded,2024-07-08,4048,2024-07-08
secondary,covid_excluded,2024-07-15,4064,2024-07-15
secondary,covid_excluded,2024-07-22,4080,2024-07-22
secondary,covid_excluded,2024-07-29,4096,2024-07-29
secondary,covid_excluded,2024-08-05,4112,2024-08-05
secondary,covid_excluded,2024-08-12,4128,2024-08-12
secondary,covid_excluded,2024-08-19,4144,2024-08-19
secondary,covid_excluded,2024-08-26,4160,2024-08-26
secondary,covid_excluded,2024-09-02,4176,2024-09-02
secondary,covid_excluded,2024-09-09,4192,2024-09-09
secondary,covid_excluded,2024-09-16,4208,2024-09-16
secondary,covid_excluded,2024-09-23,4224,2024-09-23
secondary,covid_excluded,2024-09-30,4240,2024-09-30
secondary,covid_excluded,2024-10-07,4256,2024-10-07
secondary,covid_excluded,2024-10-14,4272,2024-10-14
secondary,covid_excluded,2024-10-21,4288,2024-10-21
secondary,covid_excluded,2024-10-28,4304,2024-10-28
secondary,covid_excluded,2024-11-04,4320,2024-11-04
secondary,covid_excluded,2024-11-11,4336,2024-11-11
secondary,covid_excluded,2024-11-18,4352,2024-11-18
secondary,covid_excluded,2024-11-25,4368,2024-11-25
secondary,covid_excluded,2024-12-02,4384,2024-12-02
secondary,covid_excluded,2024-12-09,4400,2024-12-09
secondary,covid_excluded,2024-12-30,4416,2024-12-16
secondary,covid_excluded,2025-01-06,4432,2025-01-06
secondary,covid_excluded,2025-01-13,4448,2025-01-13
secondary,covid_excluded,2025-01-20,4464,2025-01-20
secondary,covid_excluded,2025-01-27,4480,2025-01-27
secondary,covid_excluded,2025-02-03,4496,2025-02-03
secondary,covid_excluded,2025-02-10,4512,2025-02-10
secondary,covid_excluded,2025-02-17,4528,2025-02-17
secondary,covid_excluded,2025-02-24,4544,2025-02-24
secondary,covid_excluded,2025-03-03,4560,2025-03-03
secondary,covid_excluded,2025-03-10,4576,2025-03-10
secondary,covid_excluded,2025-03-17,4592,2025-03-17
secondary,covid_excluded,2025-03-24,4608,2025-03-24
secondary,covid_excluded,2025-03-31,4624,2025-03-31
secondary,covid_excluded,2025-04-07,4640,2025-04-07
secondary,covid_excluded,2025-04-14,4656,2025-04-14
secondary,covid_excluded,2025-04-21,4672,2025-04-21
secondary,covid_excluded,2025-04-28,4688,2025-04-28
secondary,covid_excluded,2025-05-05,4704,2025-05-05
secondary,covid_excluded,2025-05-12,4720,2025-05-12
secondary,covid_excluded,2025-05-19,4736,2025-05-19
secondary,covid_excluded,2025-05-26,4752,2025-05-26
secondary,covid_excluded,2025-06-02,4768,2025-06-02
secondary,covid_excluded,2025-06-09,4784,2025-06-09
secondary,covid_excluded,2025-06-16,4800,2025-06-16
secondary,covid_excluded,2025-06-23,4816,2025-06-23
secondary,covid_excluded,2025-06-30,4832,2025-06-30
secondary,covid_excluded,2025-07-07,4848,2025-07-07
secondary,covid_excluded,2025-07-14,4864,2025-07-14
secondary,covid_excluded,2025-07-21,4880,2025-07-21
secondary,covid_excluded,2025-07-28,4896,2025-07-28
secondary,covid_excluded,2025-08-04,4912,2025-08-04
secondary,covid_excluded,2025-08-11,4928,2025-08-11
secondary,covid_excluded,2025-08-18,4944,2025-08-18
secondary,covid_excluded,2025-08-25,4960,2025-08-25
secondary,covid_excluded,2025-09-01,4976,2025-09-01
secondary,covid_excluded,2025-09-08,4992,2025-09-08
secondary,covid_excluded,2025-09-15,5008,2025-09-15
secondary,covid_excluded,2025-09-22,5024,2025-09-22
secondary,covid_excluded,2025-09-29,5040,2025-09-29
secondary,covid_excluded,2025-10-06,5056,2025-10-06
secondary,covid_excluded,2025-10-13,5072,2025-10-13
secondary,covid_excluded,2025-10-20,5088,2025-10-20
secondary,covid_excluded,2025-10-27,5104,2025-10-27
secondary,covid_excluded,2025-11-03,5120,2025-11-03
secondary,covid_excluded,2025-11-10,5136,2025-11-10
secondary,covid_excluded,2025-11-17,5152,2025-11-17
secondary,covid_excluded,2025-11-24,5168,2025-11-24
secondary,covid_excluded,2025-12-01,5184,2025-12-01
secondary,covid_excluded,2025-12-08,5200,2025-12-08
secondary,covid_excluded,2025-12-15,5216,2025-12-15
