information_set,run,model,learner,regions_beating_random_walk,regions
primary,covid_excluded,B2_seasonal_naive,none,0,16
primary,covid_excluded,C1,lightgbm,16,16
primary,covid_excluded,C1,ridge,16,16
primary,covid_excluded,C2,lightgbm,16,16
primary,covid_excluded,C2,ridge,16,16
primary,covid_excluded,C3,lightgbm,16,16
primary,covid_excluded,C3,ridge,16,16
primary,main,B2_seasonal_naive,none,0,16
primary,main,C1,lightgbm,16,16
primary,main,C1,ridge,16,16
primary,main,C2,lightgbm,16,16
primary,main,C2,ridge,16,16
primary,main,C3,lightgbm,16,16
primary,main,C3,ridge,16,16
secondary,covid_excluded,B2_seasonal_naive,none,0,16
secondary,covid_excluded,C1,lightgbm,16,16
secondary,covid_excluded,C1,ridge,16,16
secondary,covid_excluded,C2,lightgbm,16,16
secondary,covid_excluded,C2,ridge,16,16
secondary,covid_excluded,C3,lightgbm,16,16
secondary,covid_excluded,C3,ridge,16,16
secondary,main,B2_seasonal_naive,none,0,16
secondary,main,C1,lightgbm,16,16
secondary,main,C1,ridge,16,16
secondary,main,C2,lightgbm,16,16
secondary,main,C2,ridge,16,16
secondary,main,C3,lightgbm,16,16
secondary,main,C3,ridge,16,16
