information_set,rung,alpha,selection_mae,chosen
primary,C1,0.01,0.06592688342275317,False
primary,C1,0.1,0.0659264824816901,False
primary,C1,1.0,0.06592249315964506,False
primary,C1,10.0,0.06588726627607204,False
primary,C1,100.0,0.06581534339917369,True
primary,C1,1000.0,0.06914243451753946,False
primary,C2,0.01,0.06521430712455543,False
primary,C2,0.1,0.0652137953763339,False
primary,C2,1.0,0.06520870564120466,False
primary,C2,10.0,0.06516526224279195,True
primary,C2,100.0,0.06547574496309139,False
primary,C2,1000.0,0.06878877360294403,False
primary,C3,0.01,0.06528557018716105,False
primary,C3,0.1,0.06528496024180028,False
primary,C3,1.0,0.06527890348251558,False
primary,C3,10.0,0.0652299399420576,True
primary,C3,100.0,0.06550317525670273,False
primary,C3,1000.0,0.06878708911271861,False
secondary,C1,0.01,0.06592688342275317,False
secondary,C1,0.1,0.0659264824816901,False
secondary,C1,1.0,0.06592249315964506,False
secondary,C1,10.0,0.06588726627607204,False
secondary,C1,100.0,0.06581534339917369,True
secondary,C1,1000.0,0.06914243451753946,False
secondary,C2,0.01,0.06583860098614067,False
secondary,C2,0.1,0.06583810764670607,False
secondary,C2,1.0,0.06583319680220207,False
secondary,C2,10.0,0.06578709444290433,False
secondary,C2,100.0,0.0657184218652672,True
secondary,C2,1000.0,0.0689441573189865,False
secondary,C3,0.01,0.06589578230128022,False
secondary,C3,0.1,0.06589521966765984,False
secondary,C3,1.0,0.06588962515460192,False
secondary,C3,10.0,0.06583788488462138,False
secondary,C3,100.0,0.06574082658259353,True
secondary,C3,1000.0,0.0689417435363963,False
