information_set,run,model,learner,region_code,forecasts,mae_model,mae_random_walk,dm_statistic_absolute,p_value_absolute
primary,covid_excluded,B2_seasonal_naive,none,albany,154,0.3477922077922078,0.02824675324675325,6.085968835772962,8.922803770430513e-09
primary,covid_excluded,B2_seasonal_naive,none,batavia,154,0.31655844155844154,0.020259740259740287,5.460989064772436,1.874633654690574e-07
primary,covid_excluded,B2_seasonal_naive,none,binghamton,154,0.3528571428571428,0.023506493506493514,5.853873135069921,2.827536952090612e-08
primary,covid_excluded,B2_seasonal_naive,none,buffalo,154,0.32961038961038963,0.020000000000000014,5.715139188565739,5.564050449122136e-08
primary,covid_excluded,B2_seasonal_naive,none,dutchess,154,0.3544805194805194,0.024155844155844153,5.77696851089818,4.119891003855353e-08
primary,covid_excluded,B2_seasonal_naive,none,elmira,154,0.36441558441558447,0.031363636363636364,6.143200762260815,6.687915332293714e-09
primary,covid_excluded,B2_seasonal_naive,none,glens_falls,154,0.337012987012987,0.025519480519480522,6.2407517336815825,4.077299020594564e-09
primary,covid_excluded,B2_seasonal_naive,none,ithaca,154,0.34733766233766233,0.0224025974025974,5.911182995015388,2.1318906270395923e-08
primary,covid_excluded,B2_seasonal_naive,none,kingston,154,0.33922077922077926,0.029935064935064933,5.7125615340809635,5.633959160634926e-08
primary,covid_excluded,B2_seasonal_naive,none,nassau,154,0.3628571428571429,0.03266233766233767,5.567055039753169,1.1337862002606403e-07
primary,covid_excluded,B2_seasonal_naive,none,new_york_city,154,0.3685064935064935,0.029740259740259723,5.542729714063733,1.2730419348232745e-07
primary,covid_excluded,B2_seasonal_naive,none,rochester,154,0.33610389610389607,0.02019480519480521,5.863298547423268,2.6995141376985552e-08
primary,covid_excluded,B2_seasonal_naive,none,syracuse,154,0.3483116883116883,0.02331168831168831,5.967466144891841,1.613049088259437e-08
primary,covid_excluded,B2_seasonal_naive,none,utica,154,0.3318181818181818,0.022857142857142847,5.817154053831275,3.3854844036042686e-08
primary,covid_excluded,B2_seasonal_naive,none,watertown,154,0.35305194805194806,0.027987012987013,5.852836110654551,2.8419806768937426e-08
primary,covid_excluded,B2_seasonal_naive,none,white_plains,154,0.3424675324675324,0.02246753246753246,5.436724516815607,2.1014197262760282e-07
primary,covid_excluded,C1,lightgbm,albany,154,0.02302712699777708,0.02824675324675325,-2.6138248172633265,0.009847890365843518
primary,covid_excluded,C1,lightgbm,batavia,154,0.018023612536891335,0.020259740259740287,-1.045778047981086,0.2973128890792911
primary,covid_excluded,C1,lightgbm,binghamton,154,0.019901069553786916,0.023506493506493514,-1.5783592764584864,0.11654838422740223
primary,covid_excluded,C1,lightgbm,buffalo,154,0.016003984003500237,0.020000000000000014,-1.8330507558241897,0.06873865789937296
primary,covid_excluded,C1,lightgbm,dutchess,154,0.0194589757238266,0.024155844155844153,-2.1142163097048305,0.036118087341204294
primary,covid_excluded,C1,lightgbm,elmira,154,0.028041731583322366,0.031363636363636364,-1.670262976038808,0.0969118569466602
primary,covid_excluded,C1,lightgbm,glens_falls,154,0.021344793662406363,0.025519480519480522,-1.6954523448658767,0.09202370209098248
primary,covid_excluded,C1,lightgbm,ithaca,154,0.017726016134553612,0.0224025974025974,-2.111565201564927,0.03634869550982827
primary,covid_excluded,C1,lightgbm,kingston,154,0.02443070949129349,0.029935064935064933,-2.1906871534740895,0.029987574560864167
primary,covid_excluded,C1,lightgbm,nassau,154,0.024713113896665067,0.03266233766233767,-3.3845350902626716,0.0009058721450752518
primary,covid_excluded,C1,lightgbm,new_york_city,154,0.024873837905035463,0.029740259740259723,-2.0320460366247284,0.043879056228382014
primary,covid_excluded,C1,lightgbm,rochester,154,0.016120682272787665,0.02019480519480521,-1.827264760418492,0.06960846845107273
primary,covid_excluded,C1,lightgbm,syracuse,154,0.018780540710183456,0.02331168831168831,-1.9397793975693718,0.054245870042710836
primary,covid_excluded,C1,lightgbm,utica,154,0.019538274335610884,0.022857142857142847,-1.602365270221564,0.11113740687485782
primary,covid_excluded,C1,lightgbm,watertown,154,0.022109091540781597,0.027987012987013,-2.384812946555097,0.018312414402233978
primary,covid_excluded,C1,lightgbm,white_plains,154,0.019332442228191058,0.02246753246753246,-1.6989219502937047,0.09136635427085588
primary,covid_excluded,C1,ridge,albany,154,0.020845999461299048,0.02824675324675325,-3.8101907819961047,0.0002006939070541192
primary,covid_excluded,C1,ridge,batavia,154,0.01641618584717773,0.020259740259740287,-2.0598532176348496,0.04110686884470122
primary,covid_excluded,C1,ridge,binghamton,154,0.018059438550398845,0.023506493506493514,-2.5337143087403518,0.012292174690227368
primary,covid_excluded,C1,ridge,buffalo,154,0.014537036862608035,0.020000000000000014,-2.848981911781932,0.00499007173679852
primary,covid_excluded,C1,ridge,dutchess,154,0.01817608193036603,0.024155844155844153,-3.1106612573662376,0.002227302163167841
primary,covid_excluded,C1,ridge,elmira,154,0.0255647683290554,0.031363636363636364,-2.7397840087911067,0.006879076478833077
primary,covid_excluded,C1,ridge,glens_falls,154,0.020078567576624295,0.025519480519480522,-2.5559341366224153,0.011564915412209277
primary,covid_excluded,C1,ridge,ithaca,154,0.01711096501122091,0.0224025974025974,-2.9016446682066426,0.00426024971741389
primary,covid_excluded,C1,ridge,kingston,154,0.022285139777298988,0.029935064935064933,-3.6033575392021655,0.0004242672236778998
primary,covid_excluded,C1,ridge,nassau,154,0.023907877452818093,0.03266233766233767,-4.488751878075783,1.4014776715509774e-05
primary,covid_excluded,C1,ridge,new_york_city,154,0.02186540289292741,0.029740259740259723,-3.8372362543916085,0.0001815745864866647
primary,covid_excluded,C1,ridge,rochester,154,0.014967700844285965,0.02019480519480521,-2.713824910634275,0.007414508791096281
primary,covid_excluded,C1,ridge,syracuse,154,0.017657879646695362,0.02331168831168831,-2.7484672395350143,0.0067079625283250266
primary,covid_excluded,C1,ridge,utica,154,0.01888800351415948,0.022857142857142847,-1.9451686255184988,0.0535881106214068
primary,covid_excluded,C1,ridge,watertown,154,0.01959343697046608,0.027987012987013,-3.665485095502652,0.0003399164412157222
primary,covid_excluded,C1,ridge,white_plains,154,0.01735052795636707,0.02246753246753246,-2.9053062127883456,0.004213334422868939
primary,covid_excluded,C2,lightgbm,albany,154,0.02274165444209635,0.02824675324675325,-2.802813192076123,0.005721961243508886
primary,covid_excluded,C2,lightgbm,batavia,154,0.018551996942034004,0.020259740259740287,-0.9018377143174662,0.36856057819553273
primary,covid_excluded,C2,lightgbm,binghamton,154,0.02049832364255033,0.023506493506493514,-1.4124701765919294,0.15984241008825423
primary,covid_excluded,C2,lightgbm,buffalo,154,0.016748337451310137,0.020000000000000014,-1.5362209938304288,0.1265496003053866
primary,covid_excluded,C2,lightgbm,dutchess,154,0.01882031225727694,0.024155844155844153,-2.4490718064045374,0.015451551919691789
primary,covid_excluded,C2,lightgbm,elmira,154,0.028060992951794712,0.031363636363636364,-1.5870994727290497,0.11455463106257262
primary,covid_excluded,C2,lightgbm,glens_falls,154,0.021686463079127593,0.025519480519480522,-1.6910706788967242,0.09285932445739199
primary,covid_excluded,C2,lightgbm,ithaca,154,0.018172491811344966,0.0224025974025974,-2.0631317838961345,0.04079011076546491
primary,covid_excluded,C2,lightgbm,kingston,154,0.024442140663312985,0.029935064935064933,-2.2952278010312273,0.02307892378014326
primary,covid_excluded,C2,lightgbm,nassau,154,0.025480387436890357,0.03266233766233767,-3.0845709371743024,0.0024194989048899633
primary,covid_excluded,C2,lightgbm,new_york_city,154,0.02452765524292116,0.029740259740259723,-2.274298459381237,0.02433814421631923
primary,covid_excluded,C2,lightgbm,rochester,154,0.016414712837091488,0.02019480519480521,-1.8550802854324464,0.06550909793253962
primary,covid_excluded,C2,lightgbm,syracuse,154,0.019046568460494274,0.02331168831168831,-1.8299631856162752,0.0692016843291619
primary,covid_excluded,C2,lightgbm,utica,154,0.019236781808379445,0.022857142857142847,-1.7436778120746965,0.08322388217027828
primary,covid_excluded,C2,lightgbm,watertown,154,0.022017402560518564,0.027987012987013,-2.346407417131818,0.020237525927211144
primary,covid_excluded,C2,lightgbm,white_plains,154,0.018597889845323706,0.02246753246753246,-2.0247765014724277,0.044629533749984865
primary,covid_excluded,C2,ridge,albany,154,0.021427716975079694,0.02824675324675325,-3.270619496979865,0.0013259590626640394
primary,covid_excluded,C2,ridge,batavia,154,0.01710813456430508,0.020259740259740287,-1.6521601418233562,0.10055269210965141
primary,covid_excluded,C2,ridge,binghamton,154,0.019173406872585414,0.023506493506493514,-1.9095875494242824,0.05805785160425945
primary,covid_excluded,C2,ridge,buffalo,154,0.01554592569320232,0.020000000000000014,-2.1609223275941667,0.03225720642173401
primary,covid_excluded,C2,ridge,dutchess,154,0.019142363438368927,0.024155844155844153,-2.551089053670525,0.011720125456215376
primary,covid_excluded,C2,ridge,elmira,154,0.026492455658954733,0.031363636363636364,-2.1737848135539948,0.03125878801502231
primary,covid_excluded,C2,ridge,glens_falls,154,0.020928697932157146,0.025519480519480522,-1.9993459544246757,0.047341487514939204
primary,covid_excluded,C2,ridge,ithaca,154,0.018554396551999218,0.0224025974025974,-2.0519222984504797,0.04188182669843404
primary,covid_excluded,C2,ridge,kingston,154,0.02266932664620356,0.029935064935064933,-3.230305750602821,0.0015138527690062424
primary,covid_excluded,C2,ridge,nassau,154,0.02429780596779577,0.03266233766233767,-4.109358814019793,6.447446879825313e-05
primary,covid_excluded,C2,ridge,new_york_city,154,0.02220721785137688,0.029740259740259723,-3.6267765523658713,0.0003903842523926779
primary,covid_excluded,C2,ridge,rochester,154,0.015996002733687505,0.02019480519480521,-2.113586318297154,0.0361727731147375
primary,covid_excluded,C2,ridge,syracuse,154,0.018710405972154783,0.02331168831168831,-2.010267644322493,0.046160096871433506
primary,covid_excluded,C2,ridge,utica,154,0.0202258850961434,0.022857142857142847,-1.1984060480849195,0.2326119758239271
primary,covid_excluded,C2,ridge,watertown,154,0.02026760844051299,0.027987012987013,-3.3162434034408594,0.001139624981111549
primary,covid_excluded,C2,ridge,white_plains,154,0.017987338006639424,0.02246753246753246,-2.472965230320726,0.01449366253636084
primary,main,B2_seasonal_naive,none,albany,154,0.3477922077922078,0.02824675324675325,6.085968835772962,8.922803770430513e-09
primary,main,B2_seasonal_naive,none,batavia,154,0.31655844155844154,0.020259740259740287,5.460989064772436,1.874633654690574e-07
primary,main,B2_seasonal_naive,none,binghamton,154,0.3528571428571428,0.023506493506493514,5.853873135069921,2.827536952090612e-08
primary,main,B2_seasonal_naive,none,buffalo,154,0.32961038961038963,0.020000000000000014,5.715139188565739,5.564050449122136e-08
primary,main,B2_seasonal_naive,none,dutchess,154,0.3544805194805194,0.024155844155844153,5.77696851089818,4.119891003855353e-08
primary,main,B2_seasonal_naive,none,elmira,154,0.36441558441558447,0.031363636363636364,6.143200762260815,6.687915332293714e-09
primary,main,B2_seasonal_naive,none,glens_falls,154,0.337012987012987,0.025519480519480522,6.2407517336815825,4.077299020594564e-09
primary,main,B2_seasonal_naive,none,ithaca,154,0.34733766233766233,0.0224025974025974,5.911182995015388,2.1318906270395923e-08
primary,main,B2_seasonal_naive,none,kingston,154,0.33922077922077926,0.029935064935064933,5.7125615340809635,5.633959160634926e-08
primary,main,B2_seasonal_naive,none,nassau,154,0.3628571428571429,0.03266233766233767,5.567055039753169,1.1337862002606403e-07
primary,main,B2_seasonal_naive,none,new_york_city,154,0.3685064935064935,0.029740259740259723,5.542729714063733,1.2730419348232745e-07
primary,main,B2_seasonal_naive,none,rochester,154,0.33610389610389607,0.02019480519480521,5.863298547423268,2.6995141376985552e-08
primary,main,B2_seasonal_naive,none,syracuse,154,0.3483116883116883,0.02331168831168831,5.967466144891841,1.613049088259437e-08
primary,main,B2_seasonal_naive,none,utica,154,0.3318181818181818,0.022857142857142847,5.817154053831275,3.3854844036042686e-08
primary,main,B2_seasonal_naive,none,watertown,154,0.35305194805194806,0.027987012987013,5.852836110654551,2.8419806768937426e-08
primary,main,B2_seasonal_naive,none,white_plains,154,0.3424675324675324,0.02246753246753246,5.436724516815607,2.1014197262760282e-07
primary,main,C1,lightgbm,albany,154,0.02324607566511979,0.02824675324675325,-2.277896188674778,0.02411749714030185
primary,main,C1,lightgbm,batavia,154,0.01734244926282548,0.020259740259740287,-1.356706042437872,0.17687302791137957
primary,main,C1,lightgbm,binghamton,154,0.01966099029294734,0.023506493506493514,-1.6325561438603164,0.10461876399240509
primary,main,C1,lightgbm,buffalo,154,0.01524070510251019,0.020000000000000014,-2.2401803690056767,0.026519940095688418
primary,main,C1,lightgbm,dutchess,154,0.019550392487130357,0.024155844155844153,-2.2130035018244887,0.028378072219922845
primary,main,C1,lightgbm,elmira,154,0.02618883396709291,0.031363636363636364,-2.3981052389493938,0.017684873609665523
primary,main,C1,lightgbm,glens_falls,154,0.022573139765814557,0.025519480519480522,-1.147484138669862,0.2529727120208054
primary,main,C1,lightgbm,ithaca,154,0.016466253948958242,0.0224025974025974,-2.6586804226505123,0.008679093579152537
primary,main,C1,lightgbm,kingston,154,0.024389304584992687,0.029935064935064933,-2.306833109641518,0.022405609538104977
primary,main,C1,lightgbm,nassau,154,0.024500052478778397,0.03266233766233767,-3.787792894471024,0.00021795833049984543
primary,main,C1,lightgbm,new_york_city,154,0.02492587483095097,0.029740259740259723,-2.045876523317151,0.042480936987631
primary,main,C1,lightgbm,rochester,154,0.01625927054120361,0.02019480519480521,-1.7902631040345647,0.07538912009133189
primary,main,C1,lightgbm,syracuse,154,0.018650586499753614,0.02331168831168831,-1.9946468399474582,0.047857632580744824
primary,main,C1,lightgbm,utica,154,0.0193750507154473,0.022857142857142847,-1.652302003343008,0.1005237388258045
primary,main,C1,lightgbm,watertown,154,0.02277697378367154,0.027987012987013,-1.9660653738582015,0.05110089668344391
primary,main,C1,lightgbm,white_plains,154,0.019416669895330037,0.02246753246753246,-1.6812311778851232,0.09475822522270311
primary,main,C1,ridge,albany,154,0.02079681967724602,0.02824675324675325,-3.875921768918588,0.00015720929041607146
primary,main,C1,ridge,batavia,154,0.016286783962725475,0.020259740259740287,-2.1529891626783386,0.03288665986483395
primary,main,C1,ridge,binghamton,154,0.017814061513566605,0.023506493506493514,-2.6453324714394544,0.009013088156839122
primary,main,C1,ridge,buffalo,154,0.014269771587936214,0.020000000000000014,-3.0132006661050212,0.0030262919664302587
primary,main,C1,ridge,dutchess,154,0.018020090520643014,0.024155844155844153,-3.242773913625053,0.0014532483362173908
primary,main,C1,ridge,elmira,154,0.025407647766746855,0.031363636363636364,-2.810330539216869,0.005596491516597937
primary,main,C1,ridge,glens_falls,154,0.019960252218446772,0.025519480519480522,-2.639464260325739,0.00916355721078127
primary,main,C1,ridge,ithaca,154,0.016833161310218593,0.0224025974025974,-3.028279308858399,0.0028874755258275773
primary,main,C1,ridge,kingston,154,0.022209447346685538,0.029935064935064933,-3.631822204231179,0.00038342638795007644
primary,main,C1,ridge,nassau,154,0.023879611962274692,0.03266233766233767,-4.516061791711813,1.2511717300574016e-05
primary,main,C1,ridge,new_york_city,154,0.021976643610694836,0.029740259740259723,-3.803171170664226,0.0002059599722512232
primary,main,C1,ridge,rochester,154,0.014654864304721795,0.02019480519480521,-2.900264266425731,0.004278060605492765
primary,main,C1,ridge,syracuse,154,0.01743222479277995,0.02331168831168831,-2.864451836613359,0.004764644728723799
primary,main,C1,ridge,utica,154,0.018732720894288533,0.022857142857142847,-2.037911683075966,0.04328137949280611
primary,main,C1,ridge,watertown,154,0.01949390518770526,0.027987012987013,-3.736239012552171,0.00026319893868790954
primary,main,C1,ridge,white_plains,154,0.017218965461450367,0.02246753246753246,-3.023534257663782,0.0029305131914150566
primary,main,C2,lightgbm,albany,154,0.02276215264895953,0.02824675324675325,-2.6362755094558588,0.009246267234120774
primary,main,C2,lightgbm,batavia,154,0.017644317231541723,0.020259740259740287,-1.3253310483518292,0.18703705045334015
primary,main,C2,lightgbm,binghamton,154,0.01979128472473301,0.023506493506493514,-1.6449422653153,0.10203470726099322
primary,main,C2,lightgbm,buffalo,154,0.016151514642594823,0.020000000000000014,-1.852195904960938,0.06592462844900426
primary,main,C2,lightgbm,dutchess,154,0.0194873809865143,0.024155844155844153,-2.279129759338502,0.02404224705514369
primary,main,C2,lightgbm,elmira,154,0.025575575578010844,0.031363636363636364,-2.916134089219533,0.004077352330407395
primary,main,C2,lightgbm,glens_falls,154,0.02277691229774905,0.025519480519480522,-1.146627205962326,0.25332575750300496
primary,main,C2,lightgbm,ithaca,154,0.016694378622008264,0.0224025974025974,-2.7926555851165333,0.005895568450287885
primary,main,C2,lightgbm,kingston,154,0.023917128206490168,0.029935064935064933,-2.787143042116039,0.005991779350227561
primary,main,C2,lightgbm,nassau,154,0.02501127066484284,0.03266233766233767,-3.514928797597592,0.0005788732910841824
primary,main,C2,lightgbm,new_york_city,154,0.024359560078841876,0.029740259740259723,-2.2786364207722936,0.02407231691253066
primary,main,C2,lightgbm,rochester,154,0.016156912085782335,0.02019480519480521,-1.9825079959789453,0.049213096403198264
primary,main,C2,lightgbm,syracuse,154,0.018541871729047265,0.02331168831168831,-2.074632519466976,0.03969543331178104
primary,main,C2,lightgbm,utica,154,0.019458184604880545,0.022857142857142847,-1.6301361625874053,0.10512970950278037
primary,main,C2,lightgbm,watertown,154,0.022704095293138146,0.027987012987013,-2.004553498489171,0.04677502674005231
primary,main,C2,lightgbm,white_plains,154,0.019707738296631992,0.02246753246753246,-1.415101921550931,0.15907073476155267
primary,main,C2,ridge,albany,154,0.02126384475813632,0.02824675324675325,-3.4432974309255417,0.0007414641511633921
primary,main,C2,ridge,batavia,154,0.01676555500341693,0.020259740259740287,-1.8560185410043217,0.06537440160265683
primary,main,C2,ridge,binghamton,154,0.018844143510291827,0.023506493506493514,-2.06802093053222,0.040321628122150066
primary,main,C2,ridge,buffalo,154,0.01503653067659325,0.020000000000000014,-2.4580102488110525,0.015086811973736127
primary,main,C2,ridge,dutchess,154,0.018841719420854084,0.024155844155844153,-2.734312159885208,0.006988930336814743
primary,main,C2,ridge,elmira,154,0.026051800368201507,0.031363636363636364,-2.3842810909539423,0.018337928345001246
primary,main,C2,ridge,glens_falls,154,0.020679806868297002,0.025519480519480522,-2.1710686967635984,0.0314673607407138
primary,main,C2,ridge,ithaca,154,0.01798968800501548,0.0224025974025974,-2.3293364396503513,0.021149005558153033
primary,main,C2,ridge,kingston,154,0.02251387962401952,0.029935064935064933,-3.326559938161893,0.0011010256077333203
primary,main,C2,ridge,nassau,154,0.02417788517038137,0.03266233766233767,-4.2265440735940105,4.0648129265976966e-05
primary,main,C2,ridge,new_york_city,154,0.022213161814154517,0.029740259740259723,-3.6746424186426463,0.00032891341876000455
primary,main,C2,ridge,rochester,154,0.015544275213641755,0.02019480519480521,-2.365652747454881,0.01925161218340882
primary,main,C2,ridge,syracuse,154,0.01838718770742008,0.02331168831168831,-2.1942276773102316,0.029727052620413787
primary,main,C2,ridge,utica,154,0.019936531268870534,0.022857142857142847,-1.3644085208536982,0.17444251549181167
primary,main,C2,ridge,watertown,154,0.02010330812942738,0.027987012987013,-3.4146061259150975,0.0008178898469113088
primary,main,C2,ridge,white_plains,154,0.017689851542857578,0.02246753246753246,-2.6834228302644436,0.008089388968222524
secondary,covid_excluded,B2_seasonal_naive,none,albany,154,0.3477922077922078,0.02824675324675325,6.085968835772962,8.922803770430513e-09
secondary,covid_excluded,B2_seasonal_naive,none,batavia,154,0.31655844155844154,0.020259740259740287,5.460989064772436,1.874633654690574e-07
secondary,covid_excluded,B2_seasonal_naive,none,binghamton,154,0.3528571428571428,0.023506493506493514,5.853873135069921,2.827536952090612e-08
secondary,covid_excluded,B2_seasonal_naive,none,buffalo,154,0.32961038961038963,0.020000000000000014,5.715139188565739,5.564050449122136e-08
secondary,covid_excluded,B2_seasonal_naive,none,dutchess,154,0.3544805194805194,0.024155844155844153,5.77696851089818,4.119891003855353e-08
secondary,covid_excluded,B2_seasonal_naive,none,elmira,154,0.36441558441558447,0.031363636363636364,6.143200762260815,6.687915332293714e-09
secondary,covid_excluded,B2_seasonal_naive,none,glens_falls,154,0.337012987012987,0.025519480519480522,6.2407517336815825,4.077299020594564e-09
secondary,covid_excluded,B2_seasonal_naive,none,ithaca,154,0.34733766233766233,0.0224025974025974,5.911182995015388,2.1318906270395923e-08
secondary,covid_excluded,B2_seasonal_naive,none,kingston,154,0.33922077922077926,0.029935064935064933,5.7125615340809635,5.633959160634926e-08
secondary,covid_excluded,B2_seasonal_naive,none,nassau,154,0.3628571428571429,0.03266233766233767,5.567055039753169,1.1337862002606403e-07
secondary,covid_excluded,B2_seasonal_naive,none,new_york_city,154,0.3685064935064935,0.029740259740259723,5.542729714063733,1.2730419348232745e-07
secondary,covid_excluded,B2_seasonal_naive,none,rochester,154,0.33610389610389607,0.02019480519480521,5.863298547423268,2.6995141376985552e-08
secondary,covid_excluded,B2_seasonal_naive,none,syracuse,154,0.3483116883116883,0.02331168831168831,5.967466144891841,1.613049088259437e-08
secondary,covid_excluded,B2_seasonal_naive,none,utica,154,0.3318181818181818,0.022857142857142847,5.817154053831275,3.3854844036042686e-08
secondary,covid_excluded,B2_seasonal_naive,none,watertown,154,0.35305194805194806,0.027987012987013,5.852836110654551,2.8419806768937426e-08
secondary,covid_excluded,B2_seasonal_naive,none,white_plains,154,0.3424675324675324,0.02246753246753246,5.436724516815607,2.1014197262760282e-07
secondary,covid_excluded,C1,lightgbm,albany,154,0.02302712699777708,0.02824675324675325,-2.6138248172633265,0.009847890365843518
secondary,covid_excluded,C1,lightgbm,batavia,154,0.018023612536891335,0.020259740259740287,-1.045778047981086,0.2973128890792911
secondary,covid_excluded,C1,lightgbm,binghamton,154,0.019901069553786916,0.023506493506493514,-1.5783592764584864,0.11654838422740223
secondary,covid_excluded,C1,lightgbm,buffalo,154,0.016003984003500237,0.020000000000000014,-1.8330507558241897,0.06873865789937296
secondary,covid_excluded,C1,lightgbm,dutchess,154,0.0194589757238266,0.024155844155844153,-2.1142163097048305,0.036118087341204294
secondary,covid_excluded,C1,lightgbm,elmira,154,0.028041731583322366,0.031363636363636364,-1.670262976038808,0.0969118569466602
secondary,covid_excluded,C1,lightgbm,glens_falls,154,0.021344793662406363,0.025519480519480522,-1.6954523448658767,0.09202370209098248
secondary,covid_excluded,C1,lightgbm,ithaca,154,0.017726016134553612,0.0224025974025974,-2.111565201564927,0.03634869550982827
secondary,covid_excluded,C1,lightgbm,kingston,154,0.02443070949129349,0.029935064935064933,-2.1906871534740895,0.029987574560864167
secondary,covid_excluded,C1,lightgbm,nassau,154,0.024713113896665067,0.03266233766233767,-3.3845350902626716,0.0009058721450752518
secondary,covid_excluded,C1,lightgbm,new_york_city,154,0.024873837905035463,0.029740259740259723,-2.0320460366247284,0.043879056228382014
secondary,covid_excluded,C1,lightgbm,rochester,154,0.016120682272787665,0.02019480519480521,-1.827264760418492,0.06960846845107273
secondary,covid_excluded,C1,lightgbm,syracuse,154,0.018780540710183456,0.02331168831168831,-1.9397793975693718,0.054245870042710836
secondary,covid_excluded,C1,lightgbm,utica,154,0.019538274335610884,0.022857142857142847,-1.602365270221564,0.11113740687485782
secondary,covid_excluded,C1,lightgbm,watertown,154,0.022109091540781597,0.027987012987013,-2.384812946555097,0.018312414402233978
secondary,covid_excluded,C1,lightgbm,white_plains,154,0.019332442228191058,0.02246753246753246,-1.6989219502937047,0.09136635427085588
secondary,covid_excluded,C1,ridge,albany,154,0.020845999461299048,0.02824675324675325,-3.8101907819961047,0.0002006939070541192
secondary,covid_excluded,C1,ridge,batavia,154,0.01641618584717773,0.020259740259740287,-2.0598532176348496,0.04110686884470122
secondary,covid_excluded,C1,ridge,binghamton,154,0.018059438550398845,0.023506493506493514,-2.5337143087403518,0.012292174690227368
secondary,covid_excluded,C1,ridge,buffalo,154,0.014537036862608035,0.020000000000000014,-2.848981911781932,0.00499007173679852
secondary,covid_excluded,C1,ridge,dutchess,154,0.01817608193036603,0.024155844155844153,-3.1106612573662376,0.002227302163167841
secondary,covid_excluded,C1,ridge,elmira,154,0.0255647683290554,0.031363636363636364,-2.7397840087911067,0.006879076478833077
secondary,covid_excluded,C1,ridge,glens_falls,154,0.020078567576624295,0.025519480519480522,-2.5559341366224153,0.011564915412209277
secondary,covid_excluded,C1,ridge,ithaca,154,0.01711096501122091,0.0224025974025974,-2.9016446682066426,0.00426024971741389
secondary,covid_excluded,C1,ridge,kingston,154,0.022285139777298988,0.029935064935064933,-3.6033575392021655,0.0004242672236778998
secondary,covid_excluded,C1,ridge,nassau,154,0.023907877452818093,0.03266233766233767,-4.488751878075783,1.4014776715509774e-05
secondary,covid_excluded,C1,ridge,new_york_city,154,0.02186540289292741,0.029740259740259723,-3.8372362543916085,0.0001815745864866647
secondary,covid_excluded,C1,ridge,rochester,154,0.014967700844285965,0.02019480519480521,-2.713824910634275,0.007414508791096281
secondary,covid_excluded,C1,ridge,syracuse,154,0.017657879646695362,0.02331168831168831,-2.7484672395350143,0.0067079625283250266
secondary,covid_excluded,C1,ridge,utica,154,0.01888800351415948,0.022857142857142847,-1.9451686255184988,0.0535881106214068
secondary,covid_excluded,C1,ridge,watertown,154,0.01959343697046608,0.027987012987013,-3.665485095502652,0.0003399164412157222
secondary,covid_excluded,C1,ridge,white_plains,154,0.01735052795636707,0.02246753246753246,-2.9053062127883456,0.004213334422868939
secondary,covid_excluded,C2,lightgbm,albany,154,0.0225784671199068,0.02824675324675325,-2.6410621316425633,0.009122362845293691
secondary,covid_excluded,C2,lightgbm,batavia,154,0.018160052959772743,0.020259740259740287,-1.031989331886204,0.3037056490165243
secondary,covid_excluded,C2,lightgbm,binghamton,154,0.020498641041988192,0.023506493506493514,-1.307126867545958,0.19313068448168597
secondary,covid_excluded,C2,lightgbm,buffalo,154,0.01610483357889999,0.020000000000000014,-1.7957327904079745,0.07451046655778995
secondary,covid_excluded,C2,lightgbm,dutchess,154,0.019393597281810542,0.024155844155844153,-2.1752148016062693,0.031149460232606483
secondary,covid_excluded,C2,lightgbm,elmira,154,0.02799263189985827,0.031363636363636364,-1.7106520491721884,0.08917216012470638
secondary,covid_excluded,C2,lightgbm,glens_falls,154,0.021586210384277413,0.025519480519480522,-1.6411130809852275,0.10282803560662072
secondary,covid_excluded,C2,lightgbm,ithaca,154,0.017587698124061683,0.0224025974025974,-2.2529914823545147,0.025681454005085674
secondary,covid_excluded,C2,lightgbm,kingston,154,0.023881736180580492,0.029935064935064933,-2.3585084883930847,0.019612544088653257
secondary,covid_excluded,C2,lightgbm,nassau,154,0.02478400498117009,0.03266233766233767,-3.484282329789547,0.0006438389675915575
secondary,covid_excluded,C2,lightgbm,new_york_city,154,0.024841458287390508,0.029740259740259723,-1.9637995921634692,0.051365773605340656
secondary,covid_excluded,C2,lightgbm,rochester,154,0.016028840397986934,0.02019480519480521,-1.9527050943980564,0.05267956720507031
secondary,covid_excluded,C2,lightgbm,syracuse,154,0.018576139142843926,0.02331168831168831,-2.1303957966137843,0.03473782931530159
secondary,covid_excluded,C2,lightgbm,utica,154,0.019052040251017796,0.022857142857142847,-1.7886915897362152,0.07564314279194763
secondary,covid_excluded,C2,lightgbm,watertown,154,0.021709609409534234,0.027987012987013,-2.49946679529559,0.013493379349723373
secondary,covid_excluded,C2,lightgbm,white_plains,154,0.019797077698613396,0.02246753246753246,-1.4510141671691632,0.14882311079257018
secondary,covid_excluded,C2,ridge,albany,154,0.021853722426692253,0.02824675324675325,-3.2648494688172844,0.0013514497639299135
secondary,covid_excluded,C2,ridge,batavia,154,0.016614924310226892,0.020259740259740287,-1.9851245463372102,0.04891820489906891
secondary,covid_excluded,C2,ridge,binghamton,154,0.018640438478480036,0.023506493506493514,-2.2182241667561504,0.02801257844218772
secondary,covid_excluded,C2,ridge,buffalo,154,0.015117335130686091,0.020000000000000014,-2.5291874727534536,0.012445261386954275
secondary,covid_excluded,C2,ridge,dutchess,154,0.01870102567439086,0.024155844155844153,-2.831704729269131,0.00525331582370203
secondary,covid_excluded,C2,ridge,elmira,154,0.02626435491443143,0.031363636363636364,-2.3418104398448976,0.020479505306296865
secondary,covid_excluded,C2,ridge,glens_falls,154,0.021022228039185013,0.025519480519480522,-2.129463041328027,0.03481614801600349
secondary,covid_excluded,C2,ridge,ithaca,154,0.0177939781338083,0.0224025974025974,-2.465054687814677,0.014804774789883091
secondary,covid_excluded,C2,ridge,kingston,154,0.02279916419534582,0.029935064935064933,-3.3576715205079783,0.0009918861859654943
secondary,covid_excluded,C2,ridge,nassau,154,0.024102999802334386,0.03266233766233767,-4.331911297654797,2.6639881808020182e-05
secondary,covid_excluded,C2,ridge,new_york_city,154,0.022317371664832938,0.029740259740259723,-3.6883055188138685,0.0003131203445758892
secondary,covid_excluded,C2,ridge,rochester,154,0.015282676593795735,0.02019480519480521,-2.562352762311881,0.011362134636489545
secondary,covid_excluded,C2,ridge,syracuse,154,0.01846115509313456,0.02331168831168831,-2.320730934833387,0.021622029771436117
secondary,covid_excluded,C2,ridge,utica,154,0.01961739765001817,0.022857142857142847,-1.570895935200882,0.11827257086783903
secondary,covid_excluded,C2,ridge,watertown,154,0.0202184703044957,0.027987012987013,-3.3989174953818173,0.0008627412552586134
secondary,covid_excluded,C2,ridge,white_plains,154,0.01778418557033663,0.02246753246753246,-2.6528718215049643,0.008823040005489863
secondary,main,B2_seasonal_naive,none,albany,154,0.3477922077922078,0.02824675324675325,6.085968835772962,8.922803770430513e-09
secondary,main,B2_seasonal_naive,none,batavia,154,0.31655844155844154,0.020259740259740287,5.460989064772436,1.874633654690574e-07
secondary,main,B2_seasonal_naive,none,binghamton,154,0.3528571428571428,0.023506493506493514,5.853873135069921,2.827536952090612e-08
secondary,main,B2_seasonal_naive,none,buffalo,154,0.32961038961038963,0.020000000000000014,5.715139188565739,5.564050449122136e-08
secondary,main,B2_seasonal_naive,none,dutchess,154,0.3544805194805194,0.024155844155844153,5.77696851089818,4.119891003855353e-08
secondary,main,B2_seasonal_naive,none,elmira,154,0.36441558441558447,0.031363636363636364,6.143200762260815,6.687915332293714e-09
secondary,main,B2_seasonal_naive,none,glens_falls,154,0.337012987012987,0.025519480519480522,6.2407517336815825,4.077299020594564e-09
secondary,main,B2_seasonal_naive,none,ithaca,154,0.34733766233766233,0.0224025974025974,5.911182995015388,2.1318906270395923e-08
secondary,main,B2_seasonal_naive,none,kingston,154,0.33922077922077926,0.029935064935064933,5.7125615340809635,5.633959160634926e-08
secondary,main,B2_seasonal_naive,none,nassau,154,0.3628571428571429,0.03266233766233767,5.567055039753169,1.1337862002606403e-07
secondary,main,B2_seasonal_naive,none,new_york_city,154,0.3685064935064935,0.029740259740259723,5.542729714063733,1.2730419348232745e-07
secondary,main,B2_seasonal_naive,none,rochester,154,0.33610389610389607,0.02019480519480521,5.863298547423268,2.6995141376985552e-08
secondary,main,B2_seasonal_naive,none,syracuse,154,0.3483116883116883,0.02331168831168831,5.967466144891841,1.613049088259437e-08
secondary,main,B2_seasonal_naive,none,utica,154,0.3318181818181818,0.022857142857142847,5.817154053831275,3.3854844036042686e-08
secondary,main,B2_seasonal_naive,none,watertown,154,0.35305194805194806,0.027987012987013,5.852836110654551,2.8419806768937426e-08
secondary,main,B2_seasonal_naive,none,white_plains,154,0.3424675324675324,0.02246753246753246,5.436724516815607,2.1014197262760282e-07
secondary,main,C1,lightgbm,albany,154,0.02324607566511979,0.02824675324675325,-2.277896188674778,0.02411749714030185
secondary,main,C1,lightgbm,batavia,154,0.01734244926282548,0.020259740259740287,-1.356706042437872,0.17687302791137957
secondary,main,C1,lightgbm,binghamton,154,0.01966099029294734,0.023506493506493514,-1.6325561438603164,0.10461876399240509
secondary,main,C1,lightgbm,buffalo,154,0.01524070510251019,0.020000000000000014,-2.2401803690056767,0.026519940095688418
secondary,main,C1,lightgbm,dutchess,154,0.019550392487130357,0.024155844155844153,-2.2130035018244887,0.028378072219922845
secondary,main,C1,lightgbm,elmira,154,0.02618883396709291,0.031363636363636364,-2.3981052389493938,0.017684873609665523
secondary,main,C1,lightgbm,glens_falls,154,0.022573139765814557,0.025519480519480522,-1.147484138669862,0.2529727120208054
secondary,main,C1,lightgbm,ithaca,154,0.016466253948958242,0.0224025974025974,-2.6586804226505123,0.008679093579152537
secondary,main,C1,lightgbm,kingston,154,0.024389304584992687,0.029935064935064933,-2.306833109641518,0.022405609538104977
secondary,main,C1,lightgbm,nassau,154,0.024500052478778397,0.03266233766233767,-3.787792894471024,0.00021795833049984543
secondary,main,C1,lightgbm,new_york_city,154,0.02492587483095097,0.029740259740259723,-2.045876523317151,0.042480936987631
secondary,main,C1,lightgbm,rochester,154,0.01625927054120361,0.02019480519480521,-1.7902631040345647,0.07538912009133189
secondary,main,C1,lightgbm,syracuse,154,0.018650586499753614,0.02331168831168831,-1.9946468399474582,0.047857632580744824
secondary,main,C1,lightgbm,utica,154,0.0193750507154473,0.022857142857142847,-1.652302003343008,0.1005237388258045
secondary,main,C1,lightgbm,watertown,154,0.02277697378367154,0.027987012987013,-1.9660653738582015,0.05110089668344391
secondary,main,C1,lightgbm,white_plains,154,0.019416669895330037,0.02246753246753246,-1.6812311778851232,0.09475822522270311
secondary,main,C1,ridge,albany,154,0.02079681967724602,0.02824675324675325,-3.875921768918588,0.00015720929041607146
secondary,main,C1,ridge,batavia,154,0.016286783962725475,0.020259740259740287,-2.1529891626783386,0.03288665986483395
secondary,main,C1,ridge,binghamton,154,0.017814061513566605,0.023506493506493514,-2.6453324714394544,0.009013088156839122
secondary,main,C1,ridge,buffalo,154,0.014269771587936214,0.020000000000000014,-3.0132006661050212,0.0030262919664302587
secondary,main,C1,ridge,dutchess,154,0.018020090520643014,0.024155844155844153,-3.242773913625053,0.0014532483362173908
secondary,main,C1,ridge,elmira,154,0.025407647766746855,0.031363636363636364,-2.810330539216869,0.005596491516597937
secondary,main,C1,ridge,glens_falls,154,0.019960252218446772,0.025519480519480522,-2.639464260325739,0.00916355721078127
secondary,main,C1,ridge,ithaca,154,0.016833161310218593,0.0224025974025974,-3.028279308858399,0.0028874755258275773
secondary,main,C1,ridge,kingston,154,0.022209447346685538,0.029935064935064933,-3.631822204231179,0.00038342638795007644
secondary,main,C1,ridge,nassau,154,0.023879611962274692,0.03266233766233767,-4.516061791711813,1.2511717300574016e-05
secondary,main,C1,ridge,new_york_city,154,0.021976643610694836,0.029740259740259723,-3.803171170664226,0.0002059599722512232
secondary,main,C1,ridge,rochester,154,0.014654864304721795,0.02019480519480521,-2.900264266425731,0.004278060605492765
secondary,main,C1,ridge,syracuse,154,0.01743222479277995,0.02331168831168831,-2.864451836613359,0.004764644728723799
secondary,main,C1,ridge,utica,154,0.018732720894288533,0.022857142857142847,-2.037911683075966,0.04328137949280611
secondary,main,C1,ridge,watertown,154,0.01949390518770526,0.027987012987013,-3.736239012552171,0.00026319893868790954
secondary,main,C1,ridge,white_plains,154,0.017218965461450367,0.02246753246753246,-3.023534257663782,0.0029305131914150566
secondary,main,C2,lightgbm,albany,154,0.022377811309153138,0.02824675324675325,-2.667369002637307,0.008467730957348861
secondary,main,C2,lightgbm,batavia,154,0.018118932747505253,0.020259740259740287,-0.9920848903680124,0.32272250490000015
secondary,main,C2,lightgbm,binghamton,154,0.020125203185369516,0.023506493506493514,-1.43869077767932,0.15228066721593983
secondary,main,C2,lightgbm,buffalo,154,0.015895322288282825,0.020000000000000014,-2.02955995486058,0.04413448956490641
secondary,main,C2,lightgbm,dutchess,154,0.02004445342942857,0.024155844155844153,-1.9858759678237368,0.04883379523795363
secondary,main,C2,lightgbm,elmira,154,0.026862831694656118,0.031363636363636364,-2.2164687692571454,0.028135012286050462
secondary,main,C2,lightgbm,glens_falls,154,0.022268645304318175,0.025519480519480522,-1.3309814987887867,0.18517509841733482
secondary,main,C2,lightgbm,ithaca,154,0.016699467786196576,0.0224025974025974,-2.616041505538478,0.009786959275463369
secondary,main,C2,lightgbm,kingston,154,0.023520487881905958,0.029935064935064933,-2.58052368008813,0.010805242978580385
secondary,main,C2,lightgbm,nassau,154,0.024782171417558493,0.03266233766233767,-3.6666657445815116,0.00033847854888971154
secondary,main,C2,lightgbm,new_york_city,154,0.024625780537639967,0.029740259740259723,-2.1326899366285965,0.034545848219814095
secondary,main,C2,lightgbm,rochester,154,0.01679963366736577,0.02019480519480521,-1.6174610654531647,0.10783863371367126
secondary,main,C2,lightgbm,syracuse,154,0.018686884315044866,0.02331168831168831,-2.0974361018850636,0.03759920990841002
secondary,main,C2,lightgbm,utica,154,0.019069183942056863,0.022857142857142847,-1.8134434403291093,0.07172321347963781
secondary,main,C2,lightgbm,watertown,154,0.02224921208264694,0.027987012987013,-2.2010889913264897,0.029227767876838628
secondary,main,C2,lightgbm,white_plains,154,0.01937158751695599,0.02246753246753246,-1.7036812835799457,0.09047086163632279
secondary,main,C2,ridge,albany,154,0.021473139701114877,0.02824675324675325,-3.507947013790429,0.0005931073186327077
secondary,main,C2,ridge,batavia,154,0.01650636954100317,0.020259740259740287,-2.078087233313896,0.039371559490797556
secondary,main,C2,ridge,binghamton,154,0.01827122738859499,0.023506493506493514,-2.414963333907205,0.016916409345808497
secondary,main,C2,ridge,buffalo,154,0.014655783863264386,0.020000000000000014,-2.8332086973068615,0.005229907011830725
secondary,main,C2,ridge,dutchess,154,0.018423217749915913,0.024155844155844153,-3.0454412485687135,0.0027366347817754325
secondary,main,C2,ridge,elmira,154,0.025889320527412118,0.031363636363636364,-2.5448169029812036,0.011923821061223227
secondary,main,C2,ridge,glens_falls,154,0.02062393816217957,0.025519480519480522,-2.3271277465537183,0.02126953561420756
secondary,main,C2,ridge,ithaca,154,0.017345349563909724,0.0224025974025974,-2.771822886515068,0.006266712071554434
secondary,main,C2,ridge,kingston,154,0.022728104620849697,0.029935064935064933,-3.3937817455049317,0.0008779170480265865
secondary,main,C2,ridge,nassau,154,0.02410695969264445,0.03266233766233767,-4.399879901727224,2.0206496121642476e-05
secondary,main,C2,ridge,new_york_city,154,0.022473648858809515,0.029740259740259723,-3.647530710179993,0.000362506486526428
secondary,main,C2,ridge,rochester,154,0.014972243515600553,0.02019480519480521,-2.7455482350127114,0.006765049221186697
secondary,main,C2,ridge,syracuse,154,0.0180979797452219,0.02331168831168831,-2.5176894104019802,0.012841790576955
secondary,main,C2,ridge,utica,154,0.019353696488845943,0.022857142857142847,-1.7432070000519229,0.0833063411991724
secondary,main,C2,ridge,watertown,154,0.01996953039840441,0.027987012987013,-3.5386031008281367,0.0005329622192731137
secondary,main,C2,ridge,white_plains,154,0.017643682982357377,0.02246753246753246,-2.800342346561598,0.005763757410690462
