information_set,run,family,model,learner,comparator,comparator_learner,scope,forecasts,blocks,mae_model,mae_comparator,rmse_model,rmse_comparator,mae_difference,percent_change,mae_difference_ci_low,mae_difference_ci_high,percent_change_ci_low,percent_change_ci_high,dm_statistic_absolute,p_value_absolute,dm_statistic_squared,p_value_squared,minimum_detectable_difference,minimum_detectable_percent,p_value_absolute_holm,win
primary,covid_excluded,all_regions,B2_seasonal_naive,none,B1_random_walk,none,all_regions,2464,154,0.34577516233766237,0.025288149350649353,0.47067645262106333,0.0346661957801852,0.320487012987013,1267.3407157759589,0.2734778814935065,0.3729900568181818,1021.7297720892147,1577.0249608404142,5.902421384607166,2.2261769123349365e-08,3.5019530201109696,0.0006055893162144697,0.15162450027903945,599.587174911817,1.1130884561674682e-07,False
primary,covid_excluded,all_regions,C1,lightgbm,B1_random_walk,none,all_regions,2464,154,0.020839125161038325,0.025288149350649353,0.02861411770016504,0.0346661957801852,-0.004449024189611028,-17.59331664773162,-0.007461765961874822,-0.0017031535461207211,-27.059163299859627,-7.385037496798505,-2.337003319545857,0.020735268404538442,-2.387553492630599,0.01818144296217126,0.005316117803879148,21.022170227504763,0.039781549082108666,True
primary,covid_excluded,all_regions,C1,ridge,B1_random_walk,none,all_regions,2464,154,0.019206563288985543,0.025288149350649353,0.0271296708351138,0.0346661957801852,-0.006081586061663809,-24.04915431863204,-0.008612203945614875,-0.0038541845393512296,-31.56528747332357,-16.1339258086908,-3.4831695484198595,0.0006463220718069998,-3.448844746028159,0.0007274825737012298,0.004875637407992255,19.280325105589657,0.002585288287227999,True
primary,covid_excluded,all_regions,C2,lightgbm,B1_random_walk,none,all_regions,2464,154,0.020940256964529187,0.025288149350649353,0.028799355866493122,0.0346661957801852,-0.004347892386120166,-17.19339887562203,-0.007242659142805272,-0.0017230109552226376,-26.66027625494698,-7.442319445539695,-2.353079943408988,0.019890774541054333,-2.486962626956562,0.013957400361332375,0.005159780926171815,20.403948326251566,0.039781549082108666,True
primary,covid_excluded,all_regions,C2,ridge,B1_random_walk,none,all_regions,2464,154,0.02004591802507293,0.025288149350649353,0.02792793214088688,0.0346661957801852,-0.0052422313255764234,-20.729991953491105,-0.0078068669463774954,-0.0028594897872471097,-28.90183126262745,-11.873160434041507,-2.8732048794343097,0.004641257107843517,-2.9904349172184603,0.0032475570268759974,0.0050949361344645875,20.147524691575576,0.013923771323530551,True
primary,covid_excluded,nyc_trip_demand,C3,lightgbm,C2,lightgbm,new_york_city,154,154,0.0247692285730385,0.02452765524292116,0.03414722227571631,0.03361809921284991,0.00024157333011733811,0.9849018494625886,-0.0002524117673246045,0.0007622456822121052,-1.01813587737964,3.146709698655269,0.8737768007361327,0.38360921343191134,1.578333351993622,0.11655433862133284,0.0007720361474066791,3.147614966699655,0.7672184268638227,False
primary,covid_excluded,nyc_trip_demand,C3,lightgbm,B1_random_walk,none,new_york_city,154,154,0.0247692285730385,0.029740259740259723,0.03414722227571631,0.03964124835860458,-0.004971031167221224,-16.714820955285347,-0.008555410398194623,-0.0016327869528492648,-26.85515604850198,-5.82711267408012,-2.1420345678935377,0.03377328662011268,-2.148489639794166,0.033248370624549196,0.006480509765651798,21.790360347388155,0.10131985986033805,False
primary,covid_excluded,nyc_trip_demand,C3,ridge,C2,ridge,new_york_city,154,154,0.022113621567838224,0.02220721785137688,0.03221826742105023,0.03223488724116613,-9.35962835386557e-05,-0.4214678496201297,-0.0004168120142607894,0.00022124164223062085,-1.9150640632290792,1.0235307989257147,-0.6283381233979763,0.5307192996266619,-0.109212090231819,0.9131773770880897,0.0004159626652360181,1.8730967022518215,0.7672184268638227,False
primary,covid_excluded,nyc_trip_demand,C3,ridge,B1_random_walk,none,new_york_city,154,154,0.022113621567838224,0.029740259740259723,0.03221826742105023,0.03964124835860458,-0.007626638172421499,-25.64415455355702,-0.011352133797027875,-0.004252632729790818,-35.98117452100076,-14.796607788536694,-3.587060296739089,0.00044946241206103045,-2.643914947914475,0.009049229912576947,0.005937226596759469,19.963600347182506,0.0017978496482441218,True
primary,main,all_regions,B2_seasonal_naive,none,B1_random_walk,none,all_regions,2464,154,0.34577516233766237,0.025288149350649353,0.47067645262106333,0.0346661957801852,0.320487012987013,1267.3407157759589,0.2734778814935065,0.3729900568181818,1021.7297720892147,1577.0249608404142,5.902421384607166,2.2261769123349365e-08,3.5019530201109696,0.0006055893162144697,0.15162450027903945,599.587174911817,1.1130884561674682e-07,False
primary,main,all_regions,C1,lightgbm,B1_random_walk,none,all_regions,2464,154,0.02066016398890794,0.025288149350649353,0.028692352769948866,0.0346661957801852,-0.004627985361741412,-18.301004543942927,-0.007574595566729429,-0.0019080473598941873,-27.706057913070545,-7.945592034363092,-2.409823819397929,0.01714749359686752,-2.2829271408225167,0.023811888864675605,0.005362852377109175,21.206978425930036,0.025828615274383487,True
primary,main,all_regions,C1,ridge,B1_random_walk,none,all_regions,2464,154,0.019061685757383158,0.025288149350649353,0.027046355626082912,0.0346661957801852,-0.006226463593266195,-24.62206113594592,-0.008731491061972612,-0.003994091768449134,-32.10782676294908,-16.67957730338056,-3.5976808322593294,0.00043288819194127584,-3.489268931650965,0.0006328213052242521,0.004832901893858097,19.11133087219764,0.0017315527677651034,True
primary,main,all_regions,C2,lightgbm,B1_random_walk,none,all_regions,2464,154,0.020671267355735417,0.025288149350649353,0.028523941391569087,0.0346661957801852,-0.004616881994913936,-18.257097152091056,-0.007487261938242737,-0.002048775201140933,-27.4513230094924,-8.620153850934903,-2.515621047044961,0.012914307637191744,-2.595349535606986,0.010369154918144366,0.0051249863522932326,20.266355917269337,0.025828615274383487,True
primary,main,all_regions,C2,ridge,B1_random_walk,none,all_regions,2464,154,0.0197524480675987,0.025288149350649353,0.027674100744325907,0.0346661957801852,-0.005535701283050653,-21.890495845669726,-0.008133135609429484,-0.0031667426903142933,-29.87199953391561,-13.222026225288646,-3.077567594960723,0.002473638712779728,-3.1087425663130803,0.002240940162964348,0.00502289621568068,19.862648492115543,0.0074209161383391835,True
primary,main,nyc_trip_demand,C3,lightgbm,C2,lightgbm,new_york_city,154,154,0.02461875607563299,0.024359560078841876,0.03388871442324347,0.033528006025899,0.0002591959967911152,1.0640421910420563,-0.00022066734136887953,0.0007377472464027664,-0.9130414708338735,3.1936248872257567,1.0338844945429084,0.3028215826484277,1.271300439692231,0.20555107743330409,0.0007000763814025968,2.8739286716867527,0.3028215826484277,False
primary,main,nyc_trip_demand,C3,lightgbm,B1_random_walk,none,new_york_city,154,154,0.02461875607563299,0.029740259740259723,0.03388871442324347,0.03964124835860458,-0.005121503664626732,-17.2207765142471,-0.008819227199406709,-0.0016269393914842664,-27.86641556244531,-5.816674179031601,-2.194617784463346,0.02969846796700706,-2.1919535542187867,0.029894162378713597,0.00651670035355524,21.912049223744706,0.08909540390102118,False
primary,main,nyc_trip_demand,C3,ridge,C2,ridge,new_york_city,154,154,0.022349482501194295,0.022213161814154517,0.03230579095332002,0.03225544711831229,0.00013632068703977804,0.6136933057090176,8.302408343371147e-06,0.0002605628140967593,0.035625357342329744,1.2123500945185188,2.0082275074209175,0.046378853270212815,0.8064965061896724,0.4212084550188432,0.0001895562084388319,0.8533508647924413,0.09275770654042563,False
primary,main,nyc_trip_demand,C3,ridge,B1_random_walk,none,new_york_city,154,154,0.022349482501194295,0.029740259740259723,0.03230579095332002,0.03964124835860458,-0.007390777239065428,-24.85108503965233,-0.01114156882096801,-0.003978634070419569,-35.00097435938167,-14.283951502581425,-3.6483884350166305,0.0003613958153406652,-2.619099304941723,0.00970346497560925,0.005656896081880489,19.021004292785936,0.0014455832613626607,True
secondary,covid_excluded,all_regions,B2_seasonal_naive,none,B1_random_walk,none,all_regions,2464,154,0.34577516233766237,0.025288149350649353,0.47067645262106333,0.0346661957801852,0.320487012987013,1267.3407157759589,0.2734778814935065,0.3729900568181818,1021.7297720892147,1577.0249608404142,5.902421384607166,2.2261769123349365e-08,3.5019530201109696,0.0006055893162144697,0.15162450027903945,599.587174911817,1.1130884561674682e-07,False
secondary,covid_excluded,all_regions,C1,lightgbm,B1_random_walk,none,all_regions,2464,154,0.020839125161038325,0.025288149350649353,0.02861411770016504,0.0346661957801852,-0.004449024189611028,-17.59331664773162,-0.007461765961874822,-0.0017031535461207211,-27.059163299859627,-7.385037496798505,-2.337003319545857,0.020735268404538442,-2.387553492630599,0.01818144296217126,0.005316117803879148,21.022170227504763,0.03919399698774546,True
secondary,covid_excluded,all_regions,C1,ridge,B1_random_walk,none,all_regions,2464,154,0.019206563288985543,0.025288149350649353,0.0271296708351138,0.0346661957801852,-0.006081586061663809,-24.04915431863204,-0.008612203945614875,-0.0038541845393512296,-31.56528747332357,-16.1339258086908,-3.4831695484198595,0.0006463220718069998,-3.448844746028159,0.0007274825737012298,0.004875637407992255,19.280325105589657,0.002585288287227999,True
secondary,covid_excluded,all_regions,C2,lightgbm,B1_random_walk,none,all_regions,2464,154,0.020785814921232063,0.025288149350649353,0.0286881168560383,0.0346661957801852,-0.00450233442941729,-17.804127803056012,-0.007509426877293411,-0.0018921061746116669,-27.32004679239199,-8.03606888183504,-2.358813796996948,0.01959699849387273,-2.3770744671422435,0.018686751696893412,0.005330074139938597,21.07735946205858,0.03919399698774546,True
secondary,covid_excluded,all_regions,C2,ridge,B1_random_walk,none,all_regions,2464,154,0.019786964248887175,0.025288149350649353,0.02780964594308254,0.0346661957801852,-0.005501185101762177,-21.75400431831488,-0.008071523090181533,-0.003176837210014994,-29.682451938954376,-13.394444227667408,-3.14126814642231,0.002019878701868981,-3.1698008445909824,0.001842774869024591,0.004890355221791411,19.338525544044348,0.0060596361056069435,True
secondary,covid_excluded,nyc_trip_demand,C3,lightgbm,C2,lightgbm,new_york_city,154,154,0.024927349959620614,0.024841458287390508,0.034852240844194166,0.034667882744312,8.589167223010605e-05,0.34575938029251907,-0.00039506807586192817,0.0005635504448157087,-1.6170638413535792,2.3072709654230867,0.30148761214686,0.7634520686830348,0.6360350187504935,0.5257038830596867,0.0007955559799176648,3.202533324388158,0.7634520686830348,False
secondary,covid_excluded,nyc_trip_demand,C3,lightgbm,B1_random_walk,none,new_york_city,154,154,0.024927349959620614,0.029740259740259723,0.034852240844194166,0.03964124835860458,-0.0048129097806391095,-16.18314642398304,-0.00863933779294773,-0.0011996564832439387,-27.383782968574266,-4.326384160869254,-1.9726838989352418,0.05033377611701525,-1.8837082926012454,0.061501906903084796,0.006813015537546275,22.908392855504957,0.15100132835104574,False
secondary,covid_excluded,nyc_trip_demand,C3,ridge,C2,ridge,new_york_city,154,154,0.022787622250826475,0.022317371664832938,0.033070403229058236,0.03235112604454174,0.00047025058599353686,2.1071055904604754,-0.0003079502548519412,0.0012535094102580407,-1.3441569101096789,5.695392742446727,1.0466780099587993,0.2968988274904781,1.62936811732698,0.1052922890809452,0.0012546003485996928,5.621631289927636,0.5937976549809562,False
secondary,covid_excluded,nyc_trip_demand,C3,ridge,B1_random_walk,none,new_york_city,154,154,0.022787622250826475,0.029740259740259723,0.033070403229058236,0.03964124835860458,-0.0069526374894332485,-23.37786404743932,-0.010665219809823337,-0.003709726557499491,-33.73462529118588,-12.942218206409967,-3.452772162042775,0.0007177337688141343,-2.551949038531848,0.011692440761979844,0.005623035467076381,18.907149823793958,0.0028709350752565374,True
secondary,main,all_regions,B2_seasonal_naive,none,B1_random_walk,none,all_regions,2464,154,0.34577516233766237,0.025288149350649353,0.47067645262106333,0.0346661957801852,0.320487012987013,1267.3407157759589,0.2734778814935065,0.3729900568181818,1021.7297720892147,1577.0249608404142,5.902421384607166,2.2261769123349365e-08,3.5019530201109696,0.0006055893162144697,0.15162450027903945,599.587174911817,1.1130884561674682e-07,False
secondary,main,all_regions,C1,lightgbm,B1_random_walk,none,all_regions,2464,154,0.02066016398890794,0.025288149350649353,0.028692352769948866,0.0346661957801852,-0.004627985361741412,-18.301004543942927,-0.007574595566729429,-0.0019080473598941873,-27.706057913070545,-7.945592034363092,-2.409823819397929,0.01714749359686752,-2.2829271408225167,0.023811888864675605,0.005362852377109175,21.206978425930036,0.03429498719373504,True
secondary,main,all_regions,C1,ridge,B1_random_walk,none,all_regions,2464,154,0.019061685757383158,0.025288149350649353,0.027046355626082912,0.0346661957801852,-0.006226463593266195,-24.62206113594592,-0.008731491061972612,-0.003994091768449134,-32.10782676294908,-16.67957730338056,-3.5976808322593294,0.00043288819194127584,-3.489268931650965,0.0006328213052242521,0.004832901893858097,19.11133087219764,0.0017315527677651034,True
secondary,main,all_regions,C2,lightgbm,B1_random_walk,none,all_regions,2464,154,0.020718600569130313,0.025288149350649353,0.028697415456152755,0.0346661957801852,-0.00456954878151904,-18.069921678162277,-0.007483710397526001,-0.0019215916470321159,-27.386330905767487,-8.139094949650097,-2.4076417998603743,0.017246444880976822,-2.3897159576044467,0.018078683503860337,0.005299935713226014,20.958179421262876,0.03429498719373504,True
secondary,main,all_regions,C2,ridge,B1_random_walk,none,all_regions,2464,154,0.01953338705000804,0.025288149350649353,0.02758149596067191,0.0346661957801852,-0.005754762300641314,-22.756755430557206,-0.008346155237200321,-0.003456709686848755,-30.410490735892328,-14.558422567135617,-3.3374489001154557,0.0010616110757244257,-3.32162387810936,0.0011193390122780189,0.00481506244193356,19.040786161008334,0.0031848332271732773,True
secondary,main,nyc_trip_demand,C3,lightgbm,C2,lightgbm,new_york_city,154,154,0.025152820659119602,0.024625780537639967,0.03471160370024819,0.03443073671708554,0.0005270401214796348,2.1401966149826825,-0.0001223143456807199,0.0011583021176358472,-0.5098920177005427,4.894148529015598,1.5142188435717567,0.1320334237835717,0.5808403439450726,0.5622026588486618,0.0009719505942836731,3.9468823853037587,0.2640668475671434,False
secondary,main,nyc_trip_demand,C3,lightgbm,B1_random_walk,none,new_york_city,154,154,0.025152820659119602,0.029740259740259723,0.03471160370024819,0.03964124835860458,-0.004587439081140121,-15.425013504270286,-0.008415125681305601,-0.0009405338280025271,-26.038017596259117,-3.442110595105697,-1.9087161604892091,0.058171127901978946,-1.8423242614577482,0.06736339338141288,0.006711477182300597,22.566975678478002,0.17451338370593683,False
secondary,main,nyc_trip_demand,C3,ridge,C2,ridge,new_york_city,154,154,0.022701296099081805,0.022473648858809515,0.03246423383661965,0.03233032847232334,0.00022764724027228914,1.0129518428559632,-2.874104544796103e-05,0.0004844110782459355,-0.1283185074326657,2.219981233879723,1.4302087462143023,0.15469610851419394,0.9680301825519224,0.33455702224973566,0.00044447989217461187,1.977782490805354,0.2640668475671434,False
secondary,main,nyc_trip_demand,C3,ridge,B1_random_walk,none,new_york_city,154,154,0.022701296099081805,0.029740259740259723,0.03246423383661965,0.03964124835860458,-0.0070389636411779186,-23.668131020554586,-0.010722229023056602,-0.0038754700461322562,-33.81055266194713,-13.365625762738935,-3.6353561976534516,0.0003786229459026566,-2.7857579051955756,0.006016177784987376,0.005406932031889271,18.18051381901634,0.0015144917836106264,True
