information_set,run,model,learner,scope,forecasts,mae,rmse,mape
primary,covid_excluded,B1_random_walk,none,all_regions,2464,0.025288149350649353,0.0346661957801852,0.7357790957289959
primary,covid_excluded,B1_random_walk,none,albany,154,0.02824675324675325,0.03697138240427476,0.8235581500095297
primary,covid_excluded,B1_random_walk,none,batavia,154,0.020259740259740287,0.02923260943784279,0.586353160365318
primary,covid_excluded,B1_random_walk,none,binghamton,154,0.023506493506493514,0.033322509065039065,0.6827129582865848
primary,covid_excluded,B1_random_walk,none,buffalo,154,0.020000000000000014,0.028330150063093616,0.5786844671394593
primary,covid_excluded,B1_random_walk,none,dutchess,154,0.024155844155844153,0.032831723651402744,0.6953104104236019
primary,covid_excluded,B1_random_walk,none,elmira,154,0.031363636363636364,0.04079565803226754,0.946421071717581
primary,covid_excluded,B1_random_walk,none,glens_falls,154,0.025519480519480522,0.03442477211347862,0.7259365853533856
primary,covid_excluded,B1_random_walk,none,ithaca,154,0.0224025974025974,0.03169456506320057,0.6503509570918861
primary,covid_excluded,B1_random_walk,none,kingston,154,0.029935064935064933,0.03971489301600506,0.882972494237864
primary,covid_excluded,B1_random_walk,none,nassau,154,0.03266233766233767,0.0431623332662521,0.9773661009162702
primary,covid_excluded,B1_random_walk,none,new_york_city,154,0.029740259740259723,0.03964124835860458,0.8612125635931641
primary,covid_excluded,B1_random_walk,none,rochester,154,0.02019480519480521,0.028773635118317573,0.5813823991614931
primary,covid_excluded,B1_random_walk,none,syracuse,154,0.02331168831168831,0.03148902096856049,0.6815099514535249
primary,covid_excluded,B1_random_walk,none,utica,154,0.022857142857142847,0.031230188525282324,0.6529727139403539
primary,covid_excluded,B1_random_walk,none,watertown,154,0.027987012987013,0.03735578329328066,0.8146485563946074
primary,covid_excluded,B1_random_walk,none,white_plains,154,0.02246753246753246,0.030979674945684307,0.6310729915793086
primary,covid_excluded,B2_seasonal_naive,none,all_regions,2464,0.34577516233766237,0.47067645262106333,10.11188134690579
primary,covid_excluded,B2_seasonal_naive,none,albany,154,0.3477922077922078,0.46192426432698463,10.226480543312169
primary,covid_excluded,B2_seasonal_naive,none,batavia,154,0.31655844155844154,0.4437831750906139,9.236562102939898
primary,covid_excluded,B2_seasonal_naive,none,binghamton,154,0.3528571428571428,0.4793095683769127,10.382747789994617
primary,covid_excluded,B2_seasonal_naive,none,buffalo,154,0.32961038961038963,0.4544541466733156,9.684475962667346
primary,covid_excluded,B2_seasonal_naive,none,dutchess,154,0.3544805194805194,0.4843505492362474,10.276886958293618
primary,covid_excluded,B2_seasonal_naive,none,elmira,154,0.36441558441558447,0.4804218925123987,10.954648165338462
primary,covid_excluded,B2_seasonal_naive,none,glens_falls,154,0.337012987012987,0.4431352289864023,9.657474214514098
primary,covid_excluded,B2_seasonal_naive,none,ithaca,154,0.34733766233766233,0.4682635787895309,10.1303145204061
primary,covid_excluded,B2_seasonal_naive,none,kingston,154,0.33922077922077926,0.46409666480779016,10.082890674274424
primary,covid_excluded,B2_seasonal_naive,none,nassau,154,0.3628571428571429,0.5003038038071429,10.926781603730957
primary,covid_excluded,B2_seasonal_naive,none,new_york_city,154,0.3685064935064935,0.5103302979316562,10.767768714229506
primary,covid_excluded,B2_seasonal_naive,none,rochester,154,0.33610389610389607,0.4570231174351358,9.73038154950802
primary,covid_excluded,B2_seasonal_naive,none,syracuse,154,0.3483116883116883,0.4683086450333658,10.241039913641913
primary,covid_excluded,B2_seasonal_naive,none,utica,154,0.3318181818181818,0.45033176803186037,9.482365783219981
primary,covid_excluded,B2_seasonal_naive,none,watertown,154,0.35305194805194806,0.476667953257126,10.265210583664828
primary,covid_excluded,B2_seasonal_naive,none,white_plains,154,0.3424675324675324,0.4823239198260477,9.744072470756723
primary,covid_excluded,C1,lightgbm,all_regions,2464,0.020839125161038325,0.02861411770016504,0.6100623960408181
primary,covid_excluded,C1,lightgbm,albany,154,0.02302712699777708,0.030845320162400054,0.6743202556260273
primary,covid_excluded,C1,lightgbm,batavia,154,0.018023612536891335,0.023705666120599284,0.5272321520735398
primary,covid_excluded,C1,lightgbm,binghamton,154,0.019901069553786916,0.027261428267715604,0.5849730622560596
primary,covid_excluded,C1,lightgbm,buffalo,154,0.016003984003500237,0.021759453116052943,0.47041130234063394
primary,covid_excluded,C1,lightgbm,dutchess,154,0.0194589757238266,0.027085601659637394,0.5621371492960904
primary,covid_excluded,C1,lightgbm,elmira,154,0.028041731583322366,0.03638710839081249,0.8492030998933257
primary,covid_excluded,C1,lightgbm,glens_falls,154,0.021344793662406363,0.02811835594343858,0.6094439560469086
primary,covid_excluded,C1,lightgbm,ithaca,154,0.017726016134553612,0.024803896326216344,0.5205882053846594
primary,covid_excluded,C1,lightgbm,kingston,154,0.02443070949129349,0.031750308485773364,0.7252978216148063
primary,covid_excluded,C1,lightgbm,nassau,154,0.024713113896665067,0.034331481821927225,0.7425372242674404
primary,covid_excluded,C1,lightgbm,new_york_city,154,0.024873837905035463,0.03433274810185016,0.7230025014642866
primary,covid_excluded,C1,lightgbm,rochester,154,0.016120682272787665,0.022937476274498773,0.4694673304387229
primary,covid_excluded,C1,lightgbm,syracuse,154,0.018780540710183456,0.02577044725632767,0.5541391691838794
primary,covid_excluded,C1,lightgbm,utica,154,0.019538274335610884,0.02755697506689844,0.5572519455299021
primary,covid_excluded,C1,lightgbm,watertown,154,0.022109091540781597,0.02949426790040806,0.6454643802506286
primary,covid_excluded,C1,lightgbm,white_plains,154,0.019332442228191058,0.026864336171817695,0.5455287809861796
primary,covid_excluded,C1,ridge,all_regions,2464,0.019206563288985543,0.0271296708351138,0.5613433220135529
primary,covid_excluded,C1,ridge,albany,154,0.020845999461299048,0.029252617431107245,0.608140786556102
primary,covid_excluded,C1,ridge,batavia,154,0.01641618584717773,0.022136968520262642,0.4805410317887931
primary,covid_excluded,C1,ridge,binghamton,154,0.018059438550398845,0.025351666122726782,0.5285430325774787
primary,covid_excluded,C1,ridge,buffalo,154,0.014537036862608035,0.020730856309133718,0.42635062352976594
primary,covid_excluded,C1,ridge,dutchess,154,0.01817608193036603,0.025399328075867655,0.5256853402289859
primary,covid_excluded,C1,ridge,elmira,154,0.0255647683290554,0.033578457816098126,0.7746065824141384
primary,covid_excluded,C1,ridge,glens_falls,154,0.020078567576624295,0.027641973296055493,0.5716866726001653
primary,covid_excluded,C1,ridge,ithaca,154,0.01711096501122091,0.02399530227106834,0.5001340873226161
primary,covid_excluded,C1,ridge,kingston,154,0.022285139777298988,0.03015238575059056,0.6572055122663755
primary,covid_excluded,C1,ridge,nassau,154,0.023907877452818093,0.03457834600942907,0.7166920666613985
primary,covid_excluded,C1,ridge,new_york_city,154,0.02186540289292741,0.03191277897533236,0.6350003982246489
primary,covid_excluded,C1,ridge,rochester,154,0.014967700844285965,0.02121234622558524,0.43435672959637117
primary,covid_excluded,C1,ridge,syracuse,154,0.017657879646695362,0.024806262665995747,0.5208011549415179
primary,covid_excluded,C1,ridge,utica,154,0.01888800351415948,0.027300584038186478,0.5391206271749036
primary,covid_excluded,C1,ridge,watertown,154,0.01959343697046608,0.026594894931473365,0.572422238809072
primary,covid_excluded,C1,ridge,white_plains,154,0.01735052795636707,0.02458450472529169,0.4902062675245141
primary,covid_excluded,C2,lightgbm,all_regions,2464,0.020940256964529187,0.028799355866493122,0.6117490878269322
primary,covid_excluded,C2,lightgbm,albany,154,0.02274165444209635,0.03098790565950408,0.6639718501913628
primary,covid_excluded,C2,lightgbm,batavia,154,0.018551996942034004,0.02475078065277828,0.5403688624389442
primary,covid_excluded,C2,lightgbm,binghamton,154,0.02049832364255033,0.027258945046223608,0.6017813225117752
primary,covid_excluded,C2,lightgbm,buffalo,154,0.016748337451310137,0.023053160416349926,0.49066869111182587
primary,covid_excluded,C2,lightgbm,dutchess,154,0.01882031225727694,0.02628584257926429,0.5430755708962063
primary,covid_excluded,C2,lightgbm,elmira,154,0.028060992951794712,0.037147537708670665,0.8493005903605787
primary,covid_excluded,C2,lightgbm,glens_falls,154,0.021686463079127593,0.02854321384643812,0.618226750572456
primary,covid_excluded,C2,lightgbm,ithaca,154,0.018172491811344966,0.025004365627094068,0.5323280951705475
primary,covid_excluded,C2,lightgbm,kingston,154,0.024442140663312985,0.03149743697841367,0.7220823779123667
primary,covid_excluded,C2,lightgbm,nassau,154,0.025480387436890357,0.034981301576534195,0.7611601867075622
primary,covid_excluded,C2,lightgbm,new_york_city,154,0.02452765524292116,0.03361809921284991,0.7110791711099639
primary,covid_excluded,C2,lightgbm,rochester,154,0.016414712837091488,0.02359285143988446,0.47618996043719336
primary,covid_excluded,C2,lightgbm,syracuse,154,0.019046568460494274,0.02646412734657682,0.5610085625778969
primary,covid_excluded,C2,lightgbm,utica,154,0.019236781808379445,0.02707509912399103,0.5486053447409592
primary,covid_excluded,C2,lightgbm,watertown,154,0.022017402560518564,0.029973466992039788,0.6421963842653828
primary,covid_excluded,C2,lightgbm,white_plains,154,0.018597889845323706,0.026036113873305254,0.5259416842258926
primary,covid_excluded,C2,ridge,all_regions,2464,0.02004591802507293,0.02792793214088688,0.5852196896389582
primary,covid_excluded,C2,ridge,albany,154,0.021427716975079694,0.02998565202203117,0.6240443878398582
primary,covid_excluded,C2,ridge,batavia,154,0.01710813456430508,0.02286187494455156,0.5006741071432146
primary,covid_excluded,C2,ridge,binghamton,154,0.019173406872585414,0.026366527669058656,0.5598728233470445
primary,covid_excluded,C2,ridge,buffalo,154,0.01554592569320232,0.02169962099515578,0.455363966174399
primary,covid_excluded,C2,ridge,dutchess,154,0.019142363438368927,0.02619273201866202,0.5539257022127845
primary,covid_excluded,C2,ridge,elmira,154,0.026492455658954733,0.03452021888307585,0.8019454918900554
primary,covid_excluded,C2,ridge,glens_falls,154,0.020928697932157146,0.028584767698854624,0.5954730468317739
primary,covid_excluded,C2,ridge,ithaca,154,0.018554396551999218,0.025296264464468605,0.5410124307759495
primary,covid_excluded,C2,ridge,kingston,154,0.02266932664620356,0.03073366123818005,0.6688082868614132
primary,covid_excluded,C2,ridge,nassau,154,0.02429780596779577,0.03491576314780714,0.7281520114778514
primary,covid_excluded,C2,ridge,new_york_city,154,0.02220721785137688,0.03223488724116613,0.6446586944038524
primary,covid_excluded,C2,ridge,rochester,154,0.015996002733687505,0.022072206767567146,0.4625101910259036
primary,covid_excluded,C2,ridge,syracuse,154,0.018710405972154783,0.02609914850422751,0.5511440199629297
primary,covid_excluded,C2,ridge,utica,154,0.0202258850961434,0.028331569319809985,0.5766940512357305
primary,covid_excluded,C2,ridge,watertown,154,0.02026760844051299,0.027485561754899267,0.5918320332425558
primary,covid_excluded,C2,ridge,white_plains,154,0.017987338006639424,0.025054050693500314,0.507403789798014
primary,covid_excluded,C3,lightgbm,all_regions,2464,0.020983479461341607,0.028828386588234414,0.6129095815483057
primary,covid_excluded,C3,lightgbm,albany,154,0.022503302229748313,0.030910829328954084,0.6571083520600917
primary,covid_excluded,C3,lightgbm,batavia,154,0.018704596606184846,0.024882222147934823,0.544817617049734
primary,covid_excluded,C3,lightgbm,binghamton,154,0.020421780854419463,0.027237607536409112,0.5992582094336524
primary,covid_excluded,C3,lightgbm,buffalo,154,0.017012560916911265,0.023202966255920013,0.4985431205981462
primary,covid_excluded,C3,lightgbm,dutchess,154,0.01910306947493879,0.026504026992371973,0.5510386347184174
primary,covid_excluded,C3,lightgbm,elmira,154,0.027968030296071335,0.036900539768550705,0.8464361516050891
primary,covid_excluded,C3,lightgbm,glens_falls,154,0.021483560782632125,0.02837388047092864,0.6122015223774887
primary,covid_excluded,C3,lightgbm,ithaca,154,0.01823368498920941,0.025033704784933615,0.5345373588746697
primary,covid_excluded,C3,lightgbm,kingston,154,0.024350527183980317,0.03136120132355277,0.7198812647473563
primary,covid_excluded,C3,lightgbm,nassau,154,0.02562963969422631,0.034977181632236856,0.7654877223810584
primary,covid_excluded,C3,lightgbm,new_york_city,154,0.0247692285730385,0.03414722227571631,0.7176866349167879
primary,covid_excluded,C3,lightgbm,rochester,154,0.016565239083196442,0.02365539850808719,0.4809111281094033
primary,covid_excluded,C3,lightgbm,syracuse,154,0.019022725769000933,0.02655166913424914,0.5600641567488537
primary,covid_excluded,C3,lightgbm,utica,154,0.019180629820108024,0.02690223467202045,0.5470501241452613
primary,covid_excluded,C3,lightgbm,watertown,154,0.02207688795418933,0.029929413078922742,0.6427767286431638
primary,covid_excluded,C3,lightgbm,white_plains,154,0.018710207153610336,0.02625715109261629,0.5287545783637153
primary,covid_excluded,C3,ridge,all_regions,2464,0.020036650858260348,0.027916776855730567,0.5850065948309198
primary,covid_excluded,C3,ridge,albany,154,0.021431636112323047,0.029973597889325944,0.6241894926459005
primary,covid_excluded,C3,ridge,batavia,154,0.017098320381428906,0.022847533536188173,0.5004014869879144
primary,covid_excluded,C3,ridge,binghamton,154,0.01916785968595254,0.0263567212039418,0.5597569802590708
primary,covid_excluded,C3,ridge,buffalo,154,0.01554088559990328,0.02168601161160336,0.4552946972381714
primary,covid_excluded,C3,ridge,dutchess,154,0.019158326196459793,0.026191756396708118,0.5544352606567483
primary,covid_excluded,C3,ridge,elmira,154,0.026498598652185377,0.034518799415714105,0.8021916193205794
primary,covid_excluded,C3,ridge,glens_falls,154,0.020915328726852613,0.028567618791979367,0.5950973692458251
primary,covid_excluded,C3,ridge,ithaca,154,0.018535134896744063,0.025282232849734312,0.5404855138596033
primary,covid_excluded,C3,ridge,kingston,154,0.02267008047626569,0.03072426144291378,0.6688477413335757
primary,covid_excluded,C3,ridge,nassau,154,0.024312134474617244,0.03491320600661096,0.7286340748614831
primary,covid_excluded,C3,ridge,new_york_city,154,0.022113621567838224,0.03221826742105023,0.6422564265179103
primary,covid_excluded,C3,ridge,rochester,154,0.015988315718221797,0.02205512691064893,0.46232240689525783
primary,covid_excluded,C3,ridge,syracuse,154,0.018707314555769707,0.026082333029462546,0.5511070959897638
primary,covid_excluded,C3,ridge,utica,154,0.020200282695335598,0.02830911937819,0.5759745619890907
primary,covid_excluded,C3,ridge,watertown,154,0.020263467523933456,0.027477706811488038,0.5917593349622375
primary,covid_excluded,C3,ridge,white_plains,154,0.017985106468334237,0.025044453076604568,0.5073514545315835
primary,main,B1_random_walk,none,all_regions,2464,0.025288149350649353,0.0346661957801852,0.7357790957289959
primary,main,B1_random_walk,none,albany,154,0.02824675324675325,0.03697138240427476,0.8235581500095297
primary,main,B1_random_walk,none,batavia,154,0.020259740259740287,0.02923260943784279,0.586353160365318
primary,main,B1_random_walk,none,binghamton,154,0.023506493506493514,0.033322509065039065,0.6827129582865848
primary,main,B1_random_walk,none,buffalo,154,0.020000000000000014,0.028330150063093616,0.5786844671394593
primary,main,B1_random_walk,none,dutchess,154,0.024155844155844153,0.032831723651402744,0.6953104104236019
primary,main,B1_random_walk,none,elmira,154,0.031363636363636364,0.04079565803226754,0.946421071717581
primary,main,B1_random_walk,none,glens_falls,154,0.025519480519480522,0.03442477211347862,0.7259365853533856
primary,main,B1_random_walk,none,ithaca,154,0.0224025974025974,0.03169456506320057,0.6503509570918861
primary,main,B1_random_walk,none,kingston,154,0.029935064935064933,0.03971489301600506,0.882972494237864
primary,main,B1_random_walk,none,nassau,154,0.03266233766233767,0.0431623332662521,0.9773661009162702
primary,main,B1_random_walk,none,new_york_city,154,0.029740259740259723,0.03964124835860458,0.8612125635931641
primary,main,B1_random_walk,none,rochester,154,0.02019480519480521,0.028773635118317573,0.5813823991614931
primary,main,B1_random_walk,none,syracuse,154,0.02331168831168831,0.03148902096856049,0.6815099514535249
primary,main,B1_random_walk,none,utica,154,0.022857142857142847,0.031230188525282324,0.6529727139403539
primary,main,B1_random_walk,none,watertown,154,0.027987012987013,0.03735578329328066,0.8146485563946074
primary,main,B1_random_walk,none,white_plains,154,0.02246753246753246,0.030979674945684307,0.6310729915793086
primary,main,B2_seasonal_naive,none,all_regions,2464,0.34577516233766237,0.47067645262106333,10.11188134690579
primary,main,B2_seasonal_naive,none,albany,154,0.3477922077922078,0.46192426432698463,10.226480543312169
primary,main,B2_seasonal_naive,none,batavia,154,0.31655844155844154,0.4437831750906139,9.236562102939898
primary,main,B2_seasonal_naive,none,binghamton,154,0.3528571428571428,0.4793095683769127,10.382747789994617
primary,main,B2_seasonal_naive,none,buffalo,154,0.32961038961038963,0.4544541466733156,9.684475962667346
primary,main,B2_seasonal_naive,none,dutchess,154,0.3544805194805194,0.4843505492362474,10.276886958293618
primary,main,B2_seasonal_naive,none,elmira,154,0.36441558441558447,0.4804218925123987,10.954648165338462
primary,main,B2_seasonal_naive,none,glens_falls,154,0.337012987012987,0.4431352289864023,9.657474214514098
primary,main,B2_seasonal_naive,none,ithaca,154,0.34733766233766233,0.4682635787895309,10.1303145204061
primary,main,B2_seasonal_naive,none,kingston,154,0.33922077922077926,0.46409666480779016,10.082890674274424
primary,main,B2_seasonal_naive,none,nassau,154,0.3628571428571429,0.5003038038071429,10.926781603730957
primary,main,B2_seasonal_naive,none,new_york_city,154,0.3685064935064935,0.5103302979316562,10.767768714229506
primary,main,B2_seasonal_naive,none,rochester,154,0.33610389610389607,0.4570231174351358,9.73038154950802
primary,main,B2_seasonal_naive,none,syracuse,154,0.3483116883116883,0.4683086450333658,10.241039913641913
primary,main,B2_seasonal_naive,none,utica,154,0.3318181818181818,0.45033176803186037,9.482365783219981
primary,main,B2_seasonal_naive,none,watertown,154,0.35305194805194806,0.476667953257126,10.265210583664828
primary,main,B2_seasonal_naive,none,white_plains,154,0.3424675324675324,0.4823239198260477,9.744072470756723
primary,main,C1,lightgbm,all_regions,2464,0.02066016398890794,0.028692352769948866,0.6029981381061459
primary,main,C1,lightgbm,albany,154,0.02324607566511979,0.03167012583933877,0.6788504776791506
primary,main,C1,lightgbm,batavia,154,0.01734244926282548,0.023247602138048957,0.5060357740231897
primary,main,C1,lightgbm,binghamton,154,0.01966099029294734,0.0267956647925517,0.5775795785500564
primary,main,C1,lightgbm,buffalo,154,0.01524070510251019,0.020962326559688743,0.4455747092432386
primary,main,C1,lightgbm,dutchess,154,0.019550392487130357,0.027211967476040554,0.5636430842330181
primary,main,C1,lightgbm,elmira,154,0.02618883396709291,0.03542964059655042,0.7904344087233071
primary,main,C1,lightgbm,glens_falls,154,0.022573139765814557,0.03100732710493774,0.6416987237253379
primary,main,C1,lightgbm,ithaca,154,0.016466253948958242,0.023323990152353622,0.4816884716557193
primary,main,C1,lightgbm,kingston,154,0.024389304584992687,0.03234728212708466,0.7208123461199621
primary,main,C1,lightgbm,nassau,154,0.024500052478778397,0.03452885632966341,0.7359995078019776
primary,main,C1,lightgbm,new_york_city,154,0.02492587483095097,0.034156719565902875,0.7239316701027964
primary,main,C1,lightgbm,rochester,154,0.01625927054120361,0.02293826171812339,0.4707893362132748
primary,main,C1,lightgbm,syracuse,154,0.018650586499753614,0.025646994226761657,0.5489470090697216
primary,main,C1,lightgbm,utica,154,0.0193750507154473,0.026802945508289787,0.5522431496396788
primary,main,C1,lightgbm,watertown,154,0.02277697378367154,0.0303644607191977,0.6634841438356126
primary,main,C1,lightgbm,white_plains,154,0.019416669895330037,0.027208987515064904,0.5462578190822934
primary,main,C1,ridge,all_regions,2464,0.019061685757383158,0.027046355626082912,0.5567842751361728
primary,main,C1,ridge,albany,154,0.02079681967724602,0.029227071705046574,0.6066383363025342
primary,main,C1,ridge,batavia,154,0.016286783962725475,0.021971791392289875,0.47607135364676584
primary,main,C1,ridge,binghamton,154,0.017814061513566605,0.025196211601822463,0.5209528581498168
primary,main,C1,ridge,buffalo,154,0.014269771587936214,0.020456886126967798,0.41794364898736486
primary,main,C1,ridge,dutchess,154,0.018020090520643014,0.02538341868099491,0.5207387366523647
primary,main,C1,ridge,elmira,154,0.025407647766746855,0.033511908375789524,0.7693392253092267
primary,main,C1,ridge,glens_falls,154,0.019960252218446772,0.0275507184586577,0.5681266130355019
primary,main,C1,ridge,ithaca,154,0.016833161310218593,0.02370505925168775,0.4917634711918058
primary,main,C1,ridge,kingston,154,0.022209447346685538,0.030119264591773137,0.6547772256109098
primary,main,C1,ridge,nassau,154,0.023879611962274692,0.03465321530853932,0.7154806665527977
primary,main,C1,ridge,new_york_city,154,0.021976643610694836,0.031982732159942885,0.6379714820276658
primary,main,C1,ridge,rochester,154,0.014654864304721795,0.020990150382628088,0.4248294881391196
primary,main,C1,ridge,syracuse,154,0.01743222479277995,0.02472564662172037,0.5137324236948495
primary,main,C1,ridge,utica,154,0.018732720894288533,0.027209112119247834,0.5346043544730568
primary,main,C1,ridge,watertown,154,0.01949390518770526,0.026478542593886663,0.5694584311867164
primary,main,C1,ridge,white_plains,154,0.017218965461450367,0.024517943754019385,0.4861200872182683
primary,main,C2,lightgbm,all_regions,2464,0.020671267355735417,0.028523941391569087,0.6033502112057386
primary,main,C2,lightgbm,albany,154,0.02276215264895953,0.031152394181065586,0.664004875536763
primary,main,C2,lightgbm,batavia,154,0.017644317231541723,0.023079710173426173,0.5150220458119195
primary,main,C2,lightgbm,binghamton,154,0.01979128472473301,0.02641371680409427,0.5824864619218518
primary,main,C2,lightgbm,buffalo,154,0.016151514642594823,0.02179371067990686,0.4730038807510572
primary,main,C2,lightgbm,dutchess,154,0.0194873809865143,0.02707865982314859,0.561875663628786
primary,main,C2,lightgbm,elmira,154,0.025575575578010844,0.03464761834982926,0.7736618594896219
primary,main,C2,lightgbm,glens_falls,154,0.02277691229774905,0.030446673085042456,0.6470788542004081
primary,main,C2,lightgbm,ithaca,154,0.016694378622008264,0.023373508691412692,0.48782112080404566
primary,main,C2,lightgbm,kingston,154,0.023917128206490168,0.031486545538757495,0.705324109913435
primary,main,C2,lightgbm,nassau,154,0.02501127066484284,0.034927624759718855,0.74893128147416
primary,main,C2,lightgbm,new_york_city,154,0.024359560078841876,0.033528006025899,0.7066573507053452
primary,main,C2,lightgbm,rochester,154,0.016156912085782335,0.023184260520074468,0.4682455725966457
primary,main,C2,lightgbm,syracuse,154,0.018541871729047265,0.025370995880224668,0.5462232940596115
primary,main,C2,lightgbm,utica,154,0.019458184604880545,0.02672541346892872,0.5562378630311885
primary,main,C2,lightgbm,watertown,154,0.022704095293138146,0.03071740547347076,0.661549726414996
primary,main,C2,lightgbm,white_plains,154,0.019707738296631992,0.02757796018021797,0.5554794189519844
primary,main,C2,ridge,all_regions,2464,0.0197524480675987,0.027674100744325907,0.5767102012198605
primary,main,C2,ridge,albany,154,0.02126384475813632,0.029822274834594202,0.6196403853292762
primary,main,C2,ridge,batavia,154,0.01676555500341693,0.022543457497809217,0.49036023359524283
primary,main,C2,ridge,binghamton,154,0.018844143510291827,0.02593535856943528,0.5504304602581961
primary,main,C2,ridge,buffalo,154,0.01503653067659325,0.021238857866633456,0.4402272706033876
primary,main,C2,ridge,dutchess,154,0.018841719420854084,0.026006638817468262,0.5450368151054185
primary,main,C2,ridge,elmira,154,0.026051800368201507,0.03425346724050578,0.7884410554274499
primary,main,C2,ridge,glens_falls,154,0.020679806868297002,0.028281502134180878,0.5884740108608304
primary,main,C2,ridge,ithaca,154,0.01798968800501548,0.024712660471973864,0.5247374751222391
primary,main,C2,ridge,kingston,154,0.02251387962401952,0.030494335047618587,0.66415103115043
primary,main,C2,ridge,nassau,154,0.02417788517038137,0.034922960556675174,0.7243698943134613
primary,main,C2,ridge,new_york_city,154,0.022213161814154517,0.03225544711831229,0.644846020998902
primary,main,C2,ridge,rochester,154,0.015544275213641755,0.021653891365738052,0.44953917996408677
primary,main,C2,ridge,syracuse,154,0.01838718770742008,0.02577054045594133,0.5418857548079813
primary,main,C2,ridge,utica,154,0.019936531268870534,0.02807035748519721,0.5688675157951419
primary,main,C2,ridge,watertown,154,0.02010330812942738,0.02720730779595933,0.5875195537092676
primary,main,C2,ridge,white_plains,154,0.017689851542857578,0.02492099706539223,0.49883656247645614
primary,main,C3,lightgbm,all_regions,2464,0.020760290135670684,0.02866540308452268,0.6058606756934742
primary,main,C3,lightgbm,albany,154,0.02291093428006924,0.031175365850334463,0.6688918829436006
primary,main,C3,lightgbm,batavia,154,0.017698211034121492,0.023328279102004284,0.5166670048016807
primary,main,C3,lightgbm,binghamton,154,0.01963771125455982,0.026466251294884342,0.5774139246500105
primary,main,C3,lightgbm,buffalo,154,0.016364098030926404,0.021985250094538555,0.47887760817069336
primary,main,C3,lightgbm,dutchess,154,0.01977541855718444,0.027546761590261565,0.5700143217949944
primary,main,C3,lightgbm,elmira,154,0.025521527184937744,0.03472214044729742,0.7717915368842779
primary,main,C3,lightgbm,glens_falls,154,0.022740678599441493,0.03031939279775516,0.6464060029704333
primary,main,C3,lightgbm,ithaca,154,0.016860490994327633,0.023494568653363575,0.49243205302868537
primary,main,C3,lightgbm,kingston,154,0.023657977510756326,0.03149496675532587,0.6967039596817372
primary,main,C3,lightgbm,nassau,154,0.025333462271762554,0.03523425576205367,0.7589020915624388
primary,main,C3,lightgbm,new_york_city,154,0.02461875607563299,0.03388871442324347,0.7146431761139748
primary,main,C3,lightgbm,rochester,154,0.016385209234109646,0.02326674989974379,0.47500860748158347
primary,main,C3,lightgbm,syracuse,154,0.01866006465477803,0.02550679358417703,0.549510847550884
primary,main,C3,lightgbm,utica,154,0.019250176382364516,0.026653516030804368,0.5499466980646304
primary,main,C3,lightgbm,watertown,154,0.023080746806207093,0.031150042106096378,0.6725181084376212
primary,main,C3,lightgbm,white_plains,154,0.01966917929955152,0.027516255024171873,0.5540429869583422
primary,main,C3,ridge,all_regions,2464,0.019753008484888413,0.027668439191647545,0.5767287854752465
primary,main,C3,ridge,albany,154,0.02125592835906263,0.02980864411833155,0.6194255038242261
primary,main,C3,ridge,batavia,154,0.016757452159153318,0.022539332425992067,0.4901206578701684
primary,main,C3,ridge,binghamton,154,0.018837919946114376,0.025932186235635608,0.5502573648894742
primary,main,C3,ridge,buffalo,154,0.015035071833479519,0.021235556108265875,0.4401982566809912
primary,main,C3,ridge,dutchess,154,0.018826247139167696,0.025993365169649958,0.544604749201345
primary,main,C3,ridge,elmira,154,0.02603776600934289,0.0342365515342806,0.7880295903439347
primary,main,C3,ridge,glens_falls,154,0.020672107263340858,0.028265188368238034,0.5882747409556351
primary,main,C3,ridge,ithaca,154,0.017976171754691364,0.02470016770448279,0.5243533755991733
primary,main,C3,ridge,kingston,154,0.022509803615002273,0.030484335769828272,0.664041285574488
primary,main,C3,ridge,nassau,154,0.024160876206890215,0.034912350015718456,0.7238607652378162
primary,main,C3,ridge,new_york_city,154,0.022349482501194295,0.03230579095332002,0.6487093413332694
primary,main,C3,ridge,rochester,154,0.015539261943269241,0.021646671033191987,0.4494038925566561
primary,main,C3,ridge,syracuse,154,0.018383111728558343,0.025763535671519754,0.5417895095296975
primary,main,C3,ridge,utica,154,0.01992781604748774,0.02806051367960461,0.5686158569313302
primary,main,C3,ridge,watertown,154,0.020091264004331803,0.02719518189659333,0.5871802247646827
primary,main,C3,ridge,white_plains,154,0.017687855247128053,0.024914280338805956,0.49879545231105665
secondary,covid_excluded,B1_random_walk,none,all_regions,2464,0.025288149350649353,0.0346661957801852,0.7357790957289959
secondary,covid_excluded,B1_random_walk,none,albany,154,0.02824675324675325,0.03697138240427476,0.8235581500095297
secondary,covid_excluded,B1_random_walk,none,batavia,154,0.020259740259740287,0.02923260943784279,0.586353160365318
secondary,covid_excluded,B1_random_walk,none,binghamton,154,0.023506493506493514,0.033322509065039065,0.6827129582865848
secondary,covid_excluded,B1_random_walk,none,buffalo,154,0.020000000000000014,0.028330150063093616,0.5786844671394593
secondary,covid_excluded,B1_random_walk,none,dutchess,154,0.024155844155844153,0.032831723651402744,0.6953104104236019
secondary,covid_excluded,B1_random_walk,none,elmira,154,0.031363636363636364,0.04079565803226754,0.946421071717581
secondary,covid_excluded,B1_random_walk,none,glens_falls,154,0.025519480519480522,0.03442477211347862,0.7259365853533856
secondary,covid_excluded,B1_random_walk,none,ithaca,154,0.0224025974025974,0.03169456506320057,0.6503509570918861
secondary,covid_excluded,B1_random_walk,none,kingston,154,0.029935064935064933,0.03971489301600506,0.882972494237864
secondary,covid_excluded,B1_random_walk,none,nassau,154,0.03266233766233767,0.0431623332662521,0.9773661009162702
secondary,covid_excluded,B1_random_walk,none,new_york_city,154,0.029740259740259723,0.03964124835860458,0.8612125635931641
secondary,covid_excluded,B1_random_walk,none,rochester,154,0.02019480519480521,0.028773635118317573,0.5813823991614931
secondary,covid_excluded,B1_random_walk,none,syracuse,154,0.02331168831168831,0.03148902096856049,0.6815099514535249
secondary,covid_excluded,B1_random_walk,none,utica,154,0.022857142857142847,0.031230188525282324,0.6529727139403539
secondary,covid_excluded,B1_random_walk,none,watertown,154,0.027987012987013,0.03735578329328066,0.8146485563946074
secondary,covid_excluded,B1_random_walk,none,white_plains,154,0.02246753246753246,0.030979674945684307,0.6310729915793086
secondary,covid_excluded,B2_seasonal_naive,none,all_regions,2464,0.34577516233766237,0.47067645262106333,10.11188134690579
secondary,covid_excluded,B2_seasonal_naive,none,albany,154,0.3477922077922078,0.46192426432698463,10.226480543312169
secondary,covid_excluded,B2_seasonal_naive,none,batavia,154,0.31655844155844154,0.4437831750906139,9.236562102939898
secondary,covid_excluded,B2_seasonal_naive,none,binghamton,154,0.3528571428571428,0.4793095683769127,10.382747789994617
secondary,covid_excluded,B2_seasonal_naive,none,buffalo,154,0.32961038961038963,0.4544541466733156,9.684475962667346
secondary,covid_excluded,B2_seasonal_naive,none,dutchess,154,0.3544805194805194,0.4843505492362474,10.276886958293618
secondary,covid_excluded,B2_seasonal_naive,none,elmira,154,0.36441558441558447,0.4804218925123987,10.954648165338462
secondary,covid_excluded,B2_seasonal_naive,none,glens_falls,154,0.337012987012987,0.4431352289864023,9.657474214514098
secondary,covid_excluded,B2_seasonal_naive,none,ithaca,154,0.34733766233766233,0.4682635787895309,10.1303145204061
secondary,covid_excluded,B2_seasonal_naive,none,kingston,154,0.33922077922077926,0.46409666480779016,10.082890674274424
secondary,covid_excluded,B2_seasonal_naive,none,nassau,154,0.3628571428571429,0.5003038038071429,10.926781603730957
secondary,covid_excluded,B2_seasonal_naive,none,new_york_city,154,0.3685064935064935,0.5103302979316562,10.767768714229506
secondary,covid_excluded,B2_seasonal_naive,none,rochester,154,0.33610389610389607,0.4570231174351358,9.73038154950802
secondary,covid_excluded,B2_seasonal_naive,none,syracuse,154,0.3483116883116883,0.4683086450333658,10.241039913641913
secondary,covid_excluded,B2_seasonal_naive,none,utica,154,0.3318181818181818,0.45033176803186037,9.482365783219981
secondary,covid_excluded,B2_seasonal_naive,none,watertown,154,0.35305194805194806,0.476667953257126,10.265210583664828
secondary,covid_excluded,B2_seasonal_naive,none,white_plains,154,0.3424675324675324,0.4823239198260477,9.744072470756723
secondary,covid_excluded,C1,lightgbm,all_regions,2464,0.020839125161038325,0.02861411770016504,0.6100623960408181
secondary,covid_excluded,C1,lightgbm,albany,154,0.02302712699777708,0.030845320162400054,0.6743202556260273
secondary,covid_excluded,C1,lightgbm,batavia,154,0.018023612536891335,0.023705666120599284,0.5272321520735398
secondary,covid_excluded,C1,lightgbm,binghamton,154,0.019901069553786916,0.027261428267715604,0.5849730622560596
secondary,covid_excluded,C1,lightgbm,buffalo,154,0.016003984003500237,0.021759453116052943,0.47041130234063394
secondary,covid_excluded,C1,lightgbm,dutchess,154,0.0194589757238266,0.027085601659637394,0.5621371492960904
secondary,covid_excluded,C1,lightgbm,elmira,154,0.028041731583322366,0.03638710839081249,0.8492030998933257
secondary,covid_excluded,C1,lightgbm,glens_falls,154,0.021344793662406363,0.02811835594343858,0.6094439560469086
secondary,covid_excluded,C1,lightgbm,ithaca,154,0.017726016134553612,0.024803896326216344,0.5205882053846594
secondary,covid_excluded,C1,lightgbm,kingston,154,0.02443070949129349,0.031750308485773364,0.7252978216148063
secondary,covid_excluded,C1,lightgbm,nassau,154,0.024713113896665067,0.034331481821927225,0.7425372242674404
secondary,covid_excluded,C1,lightgbm,new_york_city,154,0.024873837905035463,0.03433274810185016,0.7230025014642866
secondary,covid_excluded,C1,lightgbm,rochester,154,0.016120682272787665,0.022937476274498773,0.4694673304387229
secondary,covid_excluded,C1,lightgbm,syracuse,154,0.018780540710183456,0.02577044725632767,0.5541391691838794
secondary,covid_excluded,C1,lightgbm,utica,154,0.019538274335610884,0.02755697506689844,0.5572519455299021
secondary,covid_excluded,C1,lightgbm,watertown,154,0.022109091540781597,0.02949426790040806,0.6454643802506286
secondary,covid_excluded,C1,lightgbm,white_plains,154,0.019332442228191058,0.026864336171817695,0.5455287809861796
secondary,covid_excluded,C1,ridge,all_regions,2464,0.019206563288985543,0.0271296708351138,0.5613433220135529
secondary,covid_excluded,C1,ridge,albany,154,0.020845999461299048,0.029252617431107245,0.608140786556102
secondary,covid_excluded,C1,ridge,batavia,154,0.01641618584717773,0.022136968520262642,0.4805410317887931
secondary,covid_excluded,C1,ridge,binghamton,154,0.018059438550398845,0.025351666122726782,0.5285430325774787
secondary,covid_excluded,C1,ridge,buffalo,154,0.014537036862608035,0.020730856309133718,0.42635062352976594
secondary,covid_excluded,C1,ridge,dutchess,154,0.01817608193036603,0.025399328075867655,0.5256853402289859
secondary,covid_excluded,C1,ridge,elmira,154,0.0255647683290554,0.033578457816098126,0.7746065824141384
secondary,covid_excluded,C1,ridge,glens_falls,154,0.020078567576624295,0.027641973296055493,0.5716866726001653
secondary,covid_excluded,C1,ridge,ithaca,154,0.01711096501122091,0.02399530227106834,0.5001340873226161
secondary,covid_excluded,C1,ridge,kingston,154,0.022285139777298988,0.03015238575059056,0.6572055122663755
secondary,covid_excluded,C1,ridge,nassau,154,0.023907877452818093,0.03457834600942907,0.7166920666613985
secondary,covid_excluded,C1,ridge,new_york_city,154,0.02186540289292741,0.03191277897533236,0.6350003982246489
secondary,covid_excluded,C1,ridge,rochester,154,0.014967700844285965,0.02121234622558524,0.43435672959637117
secondary,covid_excluded,C1,ridge,syracuse,154,0.017657879646695362,0.024806262665995747,0.5208011549415179
secondary,covid_excluded,C1,ridge,utica,154,0.01888800351415948,0.027300584038186478,0.5391206271749036
secondary,covid_excluded,C1,ridge,watertown,154,0.01959343697046608,0.026594894931473365,0.572422238809072
secondary,covid_excluded,C1,ridge,white_plains,154,0.01735052795636707,0.02458450472529169,0.4902062675245141
secondary,covid_excluded,C2,lightgbm,all_regions,2464,0.020785814921232063,0.0286881168560383,0.6077349535410799
secondary,covid_excluded,C2,lightgbm,albany,154,0.0225784671199068,0.0308216554854234,0.6597294694161484
secondary,covid_excluded,C2,lightgbm,batavia,154,0.018160052959772743,0.024223959039866683,0.5296664143897135
secondary,covid_excluded,C2,lightgbm,binghamton,154,0.020498641041988192,0.027631103960991502,0.6030004593831725
secondary,covid_excluded,C2,lightgbm,buffalo,154,0.01610483357889999,0.021885498883598163,0.4714752734854069
secondary,covid_excluded,C2,lightgbm,dutchess,154,0.019393597281810542,0.02727900062645666,0.5600110809580737
secondary,covid_excluded,C2,lightgbm,elmira,154,0.02799263189985827,0.03642550371023884,0.8461375822504542
secondary,covid_excluded,C2,lightgbm,glens_falls,154,0.021586210384277413,0.028688177181229436,0.6155960643608526
secondary,covid_excluded,C2,lightgbm,ithaca,154,0.017587698124061683,0.02434915349978989,0.5159417962737404
secondary,covid_excluded,C2,lightgbm,kingston,154,0.023881736180580492,0.03151690525181254,0.7084416317863312
secondary,covid_excluded,C2,lightgbm,nassau,154,0.02478400498117009,0.035060651092956766,0.7455806857743685
secondary,covid_excluded,C2,lightgbm,new_york_city,154,0.024841458287390508,0.034667882744312,0.7219466742150902
secondary,covid_excluded,C2,lightgbm,rochester,154,0.016028840397986934,0.02267884618428344,0.4655433663238315
secondary,covid_excluded,C2,lightgbm,syracuse,154,0.018576139142843926,0.025817886532640007,0.5457119658821061
secondary,covid_excluded,C2,lightgbm,utica,154,0.019052040251017796,0.026896171708376087,0.5424108850746644
secondary,covid_excluded,C2,lightgbm,watertown,154,0.021709609409534234,0.028937787421279365,0.6336528561013963
secondary,covid_excluded,C2,lightgbm,white_plains,154,0.019797077698613396,0.02712798562003405,0.5589130509819257
secondary,covid_excluded,C2,ridge,all_regions,2464,0.019786964248887175,0.02780964594308254,0.5777508687871847
secondary,covid_excluded,C2,ridge,albany,154,0.021853722426692253,0.030204132104219003,0.6365666082339588
secondary,covid_excluded,C2,ridge,batavia,154,0.016614924310226892,0.022782101077962774,0.48584890044554424
secondary,covid_excluded,C2,ridge,binghamton,154,0.018640438478480036,0.026005304405019615,0.5457644345457162
secondary,covid_excluded,C2,ridge,buffalo,154,0.015117335130686091,0.021393091292250074,0.4430433438796341
secondary,covid_excluded,C2,ridge,dutchess,154,0.01870102567439086,0.026042502999876274,0.5407216483336285
secondary,covid_excluded,C2,ridge,elmira,154,0.02626435491443143,0.034286840860286015,0.7958800028441909
secondary,covid_excluded,C2,ridge,glens_falls,154,0.021022228039185013,0.02879536522749328,0.5972459680579218
secondary,covid_excluded,C2,ridge,ithaca,154,0.0177939781338083,0.024756795970387883,0.5193342059768852
secondary,covid_excluded,C2,ridge,kingston,154,0.02279916419534582,0.03087223727583641,0.6721005910619388
secondary,covid_excluded,C2,ridge,nassau,154,0.024102999802334386,0.035058240109262735,0.7228479608304205
secondary,covid_excluded,C2,ridge,new_york_city,154,0.022317371664832938,0.03235112604454174,0.6478149199627242
secondary,covid_excluded,C2,ridge,rochester,154,0.015282676593795735,0.02178729915753334,0.44278595914927626
secondary,covid_excluded,C2,ridge,syracuse,154,0.01846115509313456,0.025602996757060518,0.5434649921730433
secondary,covid_excluded,C2,ridge,utica,154,0.01961739765001817,0.028009214427210875,0.5590019609088105
secondary,covid_excluded,C2,ridge,watertown,154,0.0202184703044957,0.0271783979111276,0.5896372245785688
secondary,covid_excluded,C2,ridge,white_plains,154,0.01778418557033663,0.025114643419118475,0.501955179612692
secondary,covid_excluded,C3,lightgbm,all_regions,2464,0.020721312151363542,0.028664676804752036,0.6060456650110995
secondary,covid_excluded,C3,lightgbm,albany,154,0.02229532319061595,0.03037808596167691,0.6523659381692656
secondary,covid_excluded,C3,lightgbm,batavia,154,0.018102306129731623,0.024180072602675726,0.5285855344665394
secondary,covid_excluded,C3,lightgbm,binghamton,154,0.020389345204923585,0.027603313468996322,0.5998352652767116
secondary,covid_excluded,C3,lightgbm,buffalo,154,0.01621602280071384,0.022167406234414534,0.47491731697349626
secondary,covid_excluded,C3,lightgbm,dutchess,154,0.019276679147359078,0.027023531381286693,0.5564582638645799
secondary,covid_excluded,C3,lightgbm,elmira,154,0.0279217669645773,0.036585438354475655,0.8447358202004386
secondary,covid_excluded,C3,lightgbm,glens_falls,154,0.021423447256815723,0.02836214537110061,0.6111967381445415
secondary,covid_excluded,C3,lightgbm,ithaca,154,0.01765738693355169,0.02427034013586761,0.5174765186612127
secondary,covid_excluded,C3,lightgbm,kingston,154,0.023709012824810374,0.03143177851994793,0.7033329557009658
secondary,covid_excluded,C3,lightgbm,nassau,154,0.0245983647121982,0.03520092978848983,0.7395582418964837
secondary,covid_excluded,C3,lightgbm,new_york_city,154,0.024927349959620614,0.034852240844194166,0.7252397251597608
secondary,covid_excluded,C3,lightgbm,rochester,154,0.016074799463387402,0.022796940288594098,0.46690312020861097
secondary,covid_excluded,C3,lightgbm,syracuse,154,0.018519285199976483,0.02563206958816742,0.5444772091609933
secondary,covid_excluded,C3,lightgbm,utica,154,0.019074267356639342,0.027147256152769698,0.5433379844162544
secondary,covid_excluded,C3,lightgbm,watertown,154,0.021939500372824293,0.029095391622872196,0.6405993118817543
secondary,covid_excluded,C3,lightgbm,white_plains,154,0.01941613690407117,0.026862472010276302,0.547710695995984
secondary,covid_excluded,C3,ridge,all_regions,2464,0.019811716821762262,0.02784264554658811,0.5785521274290588
secondary,covid_excluded,C3,ridge,albany,154,0.021852463545519656,0.030180666022154547,0.6365697358026178
secondary,covid_excluded,C3,ridge,batavia,154,0.016610806866294243,0.022755589868866905,0.4857508990846495
secondary,covid_excluded,C3,ridge,binghamton,154,0.018627577433857765,0.025984528994944647,0.5454466178222446
secondary,covid_excluded,C3,ridge,buffalo,154,0.015106642514490466,0.021374266155982494,0.44282790651486975
secondary,covid_excluded,C3,ridge,dutchess,154,0.018719140252516888,0.026020155349883122,0.5412821746172705
secondary,covid_excluded,C3,ridge,elmira,154,0.026274165322637544,0.034287090782944084,0.7962408865674744
secondary,covid_excluded,C3,ridge,glens_falls,154,0.021008402876723765,0.028774198196143654,0.5968891726386937
secondary,covid_excluded,C3,ridge,ithaca,154,0.01777824930834745,0.024738790212509566,0.5189475397979714
secondary,covid_excluded,C3,ridge,kingston,154,0.02280851502205478,0.030848231081168912,0.6724115643641857
secondary,covid_excluded,C3,ridge,nassau,154,0.02410312206526751,0.03503587924392766,0.7229306720182117
secondary,covid_excluded,C3,ridge,new_york_city,154,0.022787622250826475,0.033070403229058236,0.6619566841278103
secondary,covid_excluded,C3,ridge,rochester,154,0.01527642240714464,0.021766865499108203,0.44267787636103567
secondary,covid_excluded,C3,ridge,syracuse,154,0.018454840113981994,0.0255772237289859,0.543330657005981
secondary,covid_excluded,C3,ridge,utica,154,0.019587834499785517,0.027969656080638075,0.5582139015187578
secondary,covid_excluded,C3,ridge,watertown,154,0.020215869424468885,0.027165612954657824,0.5896270076417243
secondary,covid_excluded,C3,ridge,white_plains,154,0.017775795244278598,0.025079992849595514,0.5017307429814442
secondary,main,B1_random_walk,none,all_regions,2464,0.025288149350649353,0.0346661957801852,0.7357790957289959
secondary,main,B1_random_walk,none,albany,154,0.02824675324675325,0.03697138240427476,0.8235581500095297
secondary,main,B1_random_walk,none,batavia,154,0.020259740259740287,0.02923260943784279,0.586353160365318
secondary,main,B1_random_walk,none,binghamton,154,0.023506493506493514,0.033322509065039065,0.6827129582865848
secondary,main,B1_random_walk,none,buffalo,154,0.020000000000000014,0.028330150063093616,0.5786844671394593
secondary,main,B1_random_walk,none,dutchess,154,0.024155844155844153,0.032831723651402744,0.6953104104236019
secondary,main,B1_random_walk,none,elmira,154,0.031363636363636364,0.04079565803226754,0.946421071717581
secondary,main,B1_random_walk,none,glens_falls,154,0.025519480519480522,0.03442477211347862,0.7259365853533856
secondary,main,B1_random_walk,none,ithaca,154,0.0224025974025974,0.03169456506320057,0.6503509570918861
secondary,main,B1_random_walk,none,kingston,154,0.029935064935064933,0.03971489301600506,0.882972494237864
secondary,main,B1_random_walk,none,nassau,154,0.03266233766233767,0.0431623332662521,0.9773661009162702
secondary,main,B1_random_walk,none,new_york_city,154,0.029740259740259723,0.03964124835860458,0.8612125635931641
secondary,main,B1_random_walk,none,rochester,154,0.02019480519480521,0.028773635118317573,0.5813823991614931
secondary,main,B1_random_walk,none,syracuse,154,0.02331168831168831,0.03148902096856049,0.6815099514535249
secondary,main,B1_random_walk,none,utica,154,0.022857142857142847,0.031230188525282324,0.6529727139403539
secondary,main,B1_random_walk,none,watertown,154,0.027987012987013,0.03735578329328066,0.8146485563946074
secondary,main,B1_random_walk,none,white_plains,154,0.02246753246753246,0.030979674945684307,0.6310729915793086
secondary,main,B2_seasonal_naive,none,all_regions,2464,0.34577516233766237,0.47067645262106333,10.11188134690579
secondary,main,B2_seasonal_naive,none,albany,154,0.3477922077922078,0.46192426432698463,10.226480543312169
secondary,main,B2_seasonal_naive,none,batavia,154,0.31655844155844154,0.4437831750906139,9.236562102939898
secondary,main,B2_seasonal_naive,none,binghamton,154,0.3528571428571428,0.4793095683769127,10.382747789994617
secondary,main,B2_seasonal_naive,none,buffalo,154,0.32961038961038963,0.4544541466733156,9.684475962667346
secondary,main,B2_seasonal_naive,none,dutchess,154,0.3544805194805194,0.4843505492362474,10.276886958293618
secondary,main,B2_seasonal_naive,none,elmira,154,0.36441558441558447,0.4804218925123987,10.954648165338462
secondary,main,B2_seasonal_naive,none,glens_falls,154,0.337012987012987,0.4431352289864023,9.657474214514098
secondary,main,B2_seasonal_naive,none,ithaca,154,0.34733766233766233,0.4682635787895309,10.1303145204061
secondary,main,B2_seasonal_naive,none,kingston,154,0.33922077922077926,0.46409666480779016,10.082890674274424
secondary,main,B2_seasonal_naive,none,nassau,154,0.3628571428571429,0.5003038038071429,10.926781603730957
secondary,main,B2_seasonal_naive,none,new_york_city,154,0.3685064935064935,0.5103302979316562,10.767768714229506
secondary,main,B2_seasonal_naive,none,rochester,154,0.33610389610389607,0.4570231174351358,9.73038154950802
secondary,main,B2_seasonal_naive,none,syracuse,154,0.3483116883116883,0.4683086450333658,10.241039913641913
secondary,main,B2_seasonal_naive,none,utica,154,0.3318181818181818,0.45033176803186037,9.482365783219981
secondary,main,B2_seasonal_naive,none,watertown,154,0.35305194805194806,0.476667953257126,10.265210583664828
secondary,main,B2_seasonal_naive,none,white_plains,154,0.3424675324675324,0.4823239198260477,9.744072470756723
secondary,main,C1,lightgbm,all_regions,2464,0.02066016398890794,0.028692352769948866,0.6029981381061459
secondary,main,C1,lightgbm,albany,154,0.02324607566511979,0.03167012583933877,0.6788504776791506
secondary,main,C1,lightgbm,batavia,154,0.01734244926282548,0.023247602138048957,0.5060357740231897
secondary,main,C1,lightgbm,binghamton,154,0.01966099029294734,0.0267956647925517,0.5775795785500564
secondary,main,C1,lightgbm,buffalo,154,0.01524070510251019,0.020962326559688743,0.4455747092432386
secondary,main,C1,lightgbm,dutchess,154,0.019550392487130357,0.027211967476040554,0.5636430842330181
secondary,main,C1,lightgbm,elmira,154,0.02618883396709291,0.03542964059655042,0.7904344087233071
secondary,main,C1,lightgbm,glens_falls,154,0.022573139765814557,0.03100732710493774,0.6416987237253379
secondary,main,C1,lightgbm,ithaca,154,0.016466253948958242,0.023323990152353622,0.4816884716557193
secondary,main,C1,lightgbm,kingston,154,0.024389304584992687,0.03234728212708466,0.7208123461199621
secondary,main,C1,lightgbm,nassau,154,0.024500052478778397,0.03452885632966341,0.7359995078019776
secondary,main,C1,lightgbm,new_york_city,154,0.02492587483095097,0.034156719565902875,0.7239316701027964
secondary,main,C1,lightgbm,rochester,154,0.01625927054120361,0.02293826171812339,0.4707893362132748
secondary,main,C1,lightgbm,syracuse,154,0.018650586499753614,0.025646994226761657,0.5489470090697216
secondary,main,C1,lightgbm,utica,154,0.0193750507154473,0.026802945508289787,0.5522431496396788
secondary,main,C1,lightgbm,watertown,154,0.02277697378367154,0.0303644607191977,0.6634841438356126
secondary,main,C1,lightgbm,white_plains,154,0.019416669895330037,0.027208987515064904,0.5462578190822934
secondary,main,C1,ridge,all_regions,2464,0.019061685757383158,0.027046355626082912,0.5567842751361728
secondary,main,C1,ridge,albany,154,0.02079681967724602,0.029227071705046574,0.6066383363025342
secondary,main,C1,ridge,batavia,154,0.016286783962725475,0.021971791392289875,0.47607135364676584
secondary,main,C1,ridge,binghamton,154,0.017814061513566605,0.025196211601822463,0.5209528581498168
secondary,main,C1,ridge,buffalo,154,0.014269771587936214,0.020456886126967798,0.41794364898736486
secondary,main,C1,ridge,dutchess,154,0.018020090520643014,0.02538341868099491,0.5207387366523647
secondary,main,C1,ridge,elmira,154,0.025407647766746855,0.033511908375789524,0.7693392253092267
secondary,main,C1,ridge,glens_falls,154,0.019960252218446772,0.0275507184586577,0.5681266130355019
secondary,main,C1,ridge,ithaca,154,0.016833161310218593,0.02370505925168775,0.4917634711918058
secondary,main,C1,ridge,kingston,154,0.022209447346685538,0.030119264591773137,0.6547772256109098
secondary,main,C1,ridge,nassau,154,0.023879611962274692,0.03465321530853932,0.7154806665527977
secondary,main,C1,ridge,new_york_city,154,0.021976643610694836,0.031982732159942885,0.6379714820276658
secondary,main,C1,ridge,rochester,154,0.014654864304721795,0.020990150382628088,0.4248294881391196
secondary,main,C1,ridge,syracuse,154,0.01743222479277995,0.02472564662172037,0.5137324236948495
secondary,main,C1,ridge,utica,154,0.018732720894288533,0.027209112119247834,0.5346043544730568
secondary,main,C1,ridge,watertown,154,0.01949390518770526,0.026478542593886663,0.5694584311867164
secondary,main,C1,ridge,white_plains,154,0.017218965461450367,0.024517943754019385,0.4861200872182683
secondary,main,C2,lightgbm,all_regions,2464,0.020718600569130313,0.028697415456152755,0.6055803400655487
secondary,main,C2,lightgbm,albany,154,0.022377811309153138,0.030600036280567434,0.6547049854201866
secondary,main,C2,lightgbm,batavia,154,0.018118932747505253,0.023893808545710132,0.5300757870809103
secondary,main,C2,lightgbm,binghamton,154,0.020125203185369516,0.02741257347443925,0.5928717294972796
secondary,main,C2,lightgbm,buffalo,154,0.015895322288282825,0.021493019018214522,0.4649126391208043
secondary,main,C2,lightgbm,dutchess,154,0.02004445342942857,0.02764326435324709,0.577837585345497
secondary,main,C2,lightgbm,elmira,154,0.026862831694656118,0.03601185703012462,0.8124336933143701
secondary,main,C2,lightgbm,glens_falls,154,0.022268645304318175,0.029764808755032537,0.6344983238297425
secondary,main,C2,lightgbm,ithaca,154,0.016699467786196576,0.023662392892927438,0.4886794416002587
secondary,main,C2,lightgbm,kingston,154,0.023520487881905958,0.0315349339728774,0.6970185138400128
secondary,main,C2,lightgbm,nassau,154,0.024782171417558493,0.0353555515433758,0.743435022762601
secondary,main,C2,lightgbm,new_york_city,154,0.024625780537639967,0.03443073671708554,0.7153107006426974
secondary,main,C2,lightgbm,rochester,154,0.01679963366736577,0.02350308938212129,0.4868673009492382
secondary,main,C2,lightgbm,syracuse,154,0.018686884315044866,0.02537230077241867,0.5505486235532288
secondary,main,C2,lightgbm,utica,154,0.019069183942056863,0.026682292411049694,0.5445951988688662
secondary,main,C2,lightgbm,watertown,154,0.02224921208264694,0.02940497622215782,0.6500280376991256
secondary,main,C2,lightgbm,white_plains,154,0.01937158751695599,0.027321156393686086,0.5454678575239604
secondary,main,C2,ridge,all_regions,2464,0.01953338705000804,0.02758149596067191,0.5701435665932755
secondary,main,C2,ridge,albany,154,0.021473139701114877,0.029883480295240582,0.6256352250593304
secondary,main,C2,ridge,batavia,154,0.01650636954100317,0.02251360372876364,0.4821251491790434
secondary,main,C2,ridge,binghamton,154,0.01827122738859499,0.025699279670090548,0.5342932703404973
secondary,main,C2,ridge,buffalo,154,0.014655783863264386,0.02109898318192879,0.4287259680199778
secondary,main,C2,ridge,dutchess,154,0.018423217749915913,0.025815760161572863,0.5323964190668934
secondary,main,C2,ridge,elmira,154,0.025889320527412118,0.034091363619012834,0.7839735218798377
secondary,main,C2,ridge,glens_falls,154,0.02062393816217957,0.0283448772923907,0.5859613785989553
secondary,main,C2,ridge,ithaca,154,0.017345349563909724,0.024288559662200195,0.5060584509413715
secondary,main,C2,ridge,kingston,154,0.022728104620849697,0.03069380562974644,0.670158283876597
secondary,main,C2,ridge,nassau,154,0.02410695969264445,0.035061652477567914,0.722851016481568
secondary,main,C2,ridge,new_york_city,154,0.022473648858809515,0.03233032847232334,0.6524627623086171
secondary,main,C2,ridge,rochester,154,0.014972243515600553,0.021527661845039205,0.43330959331436375
secondary,main,C2,ridge,syracuse,154,0.0180979797452219,0.025404466397793216,0.53242249981007
secondary,main,C2,ridge,utica,154,0.019353696488845943,0.02776065777984909,0.5515119499916873
secondary,main,C2,ridge,watertown,154,0.01996953039840441,0.026981285688059582,0.5826762172636817
secondary,main,C2,ridge,white_plains,154,0.017643682982357377,0.024902345239344172,0.49773535935991553
secondary,main,C3,lightgbm,all_regions,2464,0.020587330837867568,0.02855968458446509,0.6017949741954658
secondary,main,C3,lightgbm,albany,154,0.02201440925430937,0.030372885569029652,0.6434221328535734
secondary,main,C3,lightgbm,batavia,154,0.01781854773620184,0.023584285524413405,0.5211924548709777
secondary,main,C3,lightgbm,binghamton,154,0.019718319032537502,0.0270245552043032,0.5807894505573087
secondary,main,C3,lightgbm,buffalo,154,0.015640626639594864,0.02132097426099923,0.45779728049142565
secondary,main,C3,lightgbm,dutchess,154,0.019894943132206265,0.027200089239291365,0.5738559511143039
secondary,main,C3,lightgbm,elmira,154,0.026763060084721967,0.035891401832394094,0.809447158061128
secondary,main,C3,lightgbm,glens_falls,154,0.022178587371655338,0.029975366168224906,0.6317209805373954
secondary,main,C3,lightgbm,ithaca,154,0.016416974129152887,0.023291807052755718,0.47976357767081196
secondary,main,C3,lightgbm,kingston,154,0.02335941599488782,0.03145011174295888,0.6924684998187715
secondary,main,C3,lightgbm,nassau,154,0.02477960645231064,0.03521697791401132,0.744668529507248
secondary,main,C3,lightgbm,new_york_city,154,0.025152820659119602,0.03471160370024819,0.7317472743374546
secondary,main,C3,lightgbm,rochester,154,0.016610028516516794,0.023267465674014418,0.48169350785058185
secondary,main,C3,lightgbm,syracuse,154,0.018297682449679144,0.025009143834512415,0.5387768113213542
secondary,main,C3,lightgbm,utica,154,0.019018551346550137,0.02648701348840075,0.5428501377058256
secondary,main,C3,lightgbm,watertown,154,0.022187857713029707,0.029546788427903578,0.6476948412689261
secondary,main,C3,lightgbm,white_plains,154,0.01954586289340722,0.0272421063363478,0.5508309991603659
secondary,main,C3,ridge,all_regions,2464,0.01954786414264525,0.027596969314048123,0.5705821698952215
secondary,main,C3,ridge,albany,154,0.021470692866706324,0.029893777260182178,0.6255540186748835
secondary,main,C3,ridge,batavia,154,0.01650259120640562,0.022512328817803795,0.4820405898038839
secondary,main,C3,ridge,binghamton,154,0.018277209847852048,0.025706615031665787,0.5344571487255749
secondary,main,C3,ridge,buffalo,154,0.014659725753080607,0.02110385529823161,0.4288478966406968
secondary,main,C3,ridge,dutchess,154,0.018416671526295683,0.025819336783032155,0.5322274391019977
secondary,main,C3,ridge,elmira,154,0.02589281783806614,0.034097962634953724,0.7840921543493633
secondary,main,C3,ridge,glens_falls,154,0.020627198940048976,0.028369895126175215,0.5860346909567421
secondary,main,C3,ridge,ithaca,154,0.01735943387069492,0.02430611666296105,0.5064662616087299
secondary,main,C3,ridge,kingston,154,0.022722933317271814,0.03069716213772451,0.6700186630241808
secondary,main,C3,ridge,nassau,154,0.024103214483321374,0.035046139811827075,0.7227621691534794
secondary,main,C3,ridge,new_york_city,154,0.022701296099081805,0.03246423383661965,0.6592985682859145
secondary,main,C3,ridge,rochester,154,0.014977283258429959,0.021539756773200882,0.43345862775251187
secondary,main,C3,ridge,syracuse,154,0.018093328440226066,0.025412334769573126,0.5322903594551146
secondary,main,C3,ridge,utica,154,0.019359119243467376,0.02776642615474445,0.5516529430124172
secondary,main,C3,ridge,watertown,154,0.01997177282820337,0.026993808928020453,0.5827345584466346
secondary,main,C3,ridge,white_plains,154,0.017630536763171976,0.024900364824224995,0.4973786293314174
