run,information_set,model,comparator,forecasts,blocks,mae_model,mae_comparator,rmse_model,rmse_comparator,mae_difference,percent_change,mae_difference_ci_low,mae_difference_ci_high,percent_change_ci_low,percent_change_ci_high,dm_statistic_absolute,p_value_absolute,dm_statistic_squared,p_value_squared,minimum_detectable_difference,minimum_detectable_percent,p_value_absolute_holm,win
main,primary,F0,N0,923884,365,0.27082480239571494,0.29727711096631243,0.36344531957855886,0.40281530608283067,-0.026452308570597494,-8.898198884069174,-0.027817958544221724,-0.0250771330829243,-9.352763637448525,-8.436888476851381,-32.93000321492872,3.335018938047991e-111,-39.887533502838,6.26151423438882e-135,0.0022973509626220802,0.7727977963572235,1.3340075752191963e-110,True
main,primary,F1,F0,923884,365,0.25303129518918743,0.27082480239571494,0.34428710603695967,0.36344531957855886,-0.017793507206527504,-6.5701173042964385,-0.01946594838027673,-0.016131850188060508,-7.1482919091014026,-5.99200634814407,-17.47621486003769,4.301371452001713e-50,-15.57623589790408,2.8057315975938618e-42,0.002837698071814272,1.047798446343174,1.290411435600514e-49,True
main,primary,F2,F1,923884,365,0.25445554363812695,0.25303129518918743,0.34581620486449194,0.34428710603695967,0.0014242484489395135,0.5628744254241855,0.0011320120437321168,0.0017343496760386058,0.44791160804959995,0.6846688263397321,5.9422443719045726,6.580598221118569e-09,5.753553651253789,1.8552979728094927e-08,0.000736642323758595,0.2911269624604417,1.3161196442237138e-08,False
main,primary,F3,F2,923884,365,0.2548679274119678,0.25445554363812695,0.34626865964485126,0.34581620486449194,0.0004123837738408409,0.16206515603657315,0.00014048590722006842,0.0006885345480085856,0.05552218017670222,0.2696034840939298,1.955193336192431,0.0513251460217082,2.057904025446426,0.04031095527566031,0.0005644989507839422,0.221845805641689,0.0513251460217082,False
main,secondary,F0,N0,923884,365,0.2703632875532828,0.29130775636361245,0.3629569231378609,0.39451351600899387,-0.02094446881032963,-7.189808150589232,-0.022258863094213197,-0.019611706783795896,-7.637730189693739,-6.729974268758805,-28.246308258779344,9.226533811717391e-94,-33.973342762024394,6.301473814382918e-115,0.0021323412365993333,0.7319891729685801,3.6906135246869565e-93,True
main,secondary,F1,F0,923884,365,0.25213859466059846,0.2703632875532828,0.34337424045009163,0.3629569231378609,-0.018224692892684358,-6.740816424305635,-0.019867743880956672,-0.016610616685508648,-7.302806718600867,-6.174683832346886,-18.262589879758853,2.3600051665197074e-53,-16.29716156222689,3.146944897417759e-45,0.0027919067157318304,1.032650083891884,7.080015499559122e-53,True
main,secondary,F2,F1,923884,365,0.25331498112472234,0.25213859466059846,0.34464353551153193,0.34337424045009163,0.0011763864641238797,0.46656342544758095,0.0008771289115491702,0.0014876963615964743,0.3474754862969915,0.5892451415976532,5.885127155505943,9.030595823107148e-09,5.51023881330811,6.79286639284217e-08,0.0005897501368378615,0.23389919247853308,1.8061191646214297e-08,False
main,secondary,F3,F2,923884,365,0.2539951456121708,0.25331498112472234,0.3453235958539401,0.34464353551153193,0.0006801644874484536,0.2685054332075083,0.0004235850099758395,0.000950376612669029,0.16719802839959297,0.3758741542995082,3.2249229469117346,0.0013740666745268636,2.973590233956451,0.0031394815722544838,0.0005986493440023046,0.23632607173262812,0.0013740666745268636,False
robustness_2024,primary,F0,N0,402217,184,0.2910784168662166,0.32999394806291044,0.38870407647616917,0.4447117879196576,-0.03891553119669383,-11.792801481703211,-0.04134152088762329,-0.03660455851962833,-12.510029697216412,-11.078583101581572,-22.9363613592829,1.0232400763837197e-55,-24.354142297732018,2.590346495942342e-59,0.004979324633459997,1.508913924842868,4.092960305534879e-55,True
robustness_2024,primary,F1,F0,402217,184,0.2823668822699546,0.2910784168662166,0.37968644933326035,0.38870407647616917,-0.008711534596262005,-2.992848006407132,-0.010789865129767495,-0.006543228329465943,-3.6863234588331912,-2.25354539729406,-6.176860220940749,4.129110346701652e-09,-5.713896398704571,4.4078090534370046e-08,0.0038126650529282727,1.3098412084193183,1.2387331040104955e-08,True
robustness_2024,primary,F2,F1,402217,184,0.2860233244207725,0.2823668822699546,0.3839723868659208,0.37968644933326035,0.0036564421508178957,1.2949259918244178,0.002181762256491812,0.005412850873462043,0.7748492116532253,1.9009477225596225,2.603460391342771,0.009985987463058997,2.443926582818095,0.015476621491897024,0.003442622465482798,1.2192019254550914,0.019971974926117995,False
robustness_2024,primary,F3,F2,402217,184,0.2866290938780158,0.2860233244207725,0.3848033448986314,0.3839723868659208,0.000605769457243277,0.2117902302093804,-0.000515708819040879,0.0016955305696744964,-0.17978276959313533,0.5933601259155258,0.7108685377265284,0.47807073371249176,0.9201923182651071,0.358683665461463,0.002410342203119492,0.8427082679360818,0.47807073371249176,False
robustness_2024,secondary,F0,N0,402217,184,0.28811079937906137,0.31670766892670643,0.3854893632456326,0.4272469719226831,-0.028596869547645065,-9.029421246589092,-0.030764529148575356,-0.02647886304556603,-9.71986201045059,-8.377657734799637,-20.47200145184217,3.3280111470035993e-49,-22.793204254487623,2.3947208912316278e-55,0.004122061681668036,1.3015351651058307,1.3312044588014397e-48,True
robustness_2024,secondary,F1,F0,402217,184,0.27590607250943977,0.28811079937906137,0.3723643374755786,0.3854893632456326,-0.012204726869621596,-4.236122663893655,-0.014551551316544271,-0.009830356902618355,-5.022616171376886,-3.4293252725320236,-6.244442120898448,2.8947952315715357e-09,-6.039486045960554,8.437394281774079e-09,0.004957638815749321,1.7207403632331943,8.684385694714606e-09,True
robustness_2024,secondary,F2,F1,402217,184,0.2758998621849732,0.27590607250943977,0.3723299171912347,0.3723643374755786,-6.210324466571215e-06,-0.002250883574285498,-0.0008683241703090136,0.0008450858172720064,-0.3147916561190595,0.30707208012722803,-0.38030445823968667,0.7041604729573304,-0.4020154959158987,0.6881417587898133,0.0014319516110418717,0.5189996718875693,0.7041604729573304,False
robustness_2024,secondary,F3,F2,402217,184,0.27648355218702847,0.2758998621849732,0.37315542990553985,0.3723299171912347,0.0005836900020552704,0.21155864212209852,-7.839247345551442e-05,0.0012898950634338846,-0.028220986916078643,0.46503447329270126,1.0593305427905289,0.2908454744790394,1.2715067749458948,0.20516205645628843,0.0015277288751571738,0.5537258565692683,0.5816909489580788,False
sensitivity_recorded_distance,primary,F1,F0,923884,365,0.19858001532189146,0.22004827941823074,0.2645764588078812,0.29113612740470707,-0.021468264096339285,-9.75616085392607,-0.023452425464764733,-0.019468265234844552,-10.572284379752036,-8.930555986120657,-18.396292997871807,6.573706168898608e-54,-14.573480236293515,3.209505481032957e-38,0.003267568949783485,1.484932742224737,1.9721118506695824e-53,True
sensitivity_recorded_distance,primary,F2,F1,923884,365,0.20001430224697822,0.19858001532189146,0.2664263703945832,0.2645764588078812,0.001434286925086764,0.7222715351098314,0.001066427350076872,0.0018228260185973145,0.5355933845038833,0.9177417999781124,5.005704683223862,8.686827490847735e-07,5.080951656481261,6.014313141652802e-07,0.0009050939204568178,0.4557829845010795,1.737365498169547e-06,False
sensitivity_recorded_distance,primary,F3,F2,923884,365,0.20055901724501482,0.20001430224697822,0.26727876951215207,0.2664263703945832,0.0005447149980365995,0.27233802378991073,0.00025867030650480116,0.0008293144894060598,0.12953493853045128,0.4136366867615773,2.947608987985451,0.0034089157463535794,3.3302214908685883,0.0009565579268843997,0.0005422265566701687,0.2710938920760905,0.0034089157463535794,False
sensitivity_recorded_distance,secondary,F1,F0,923884,365,0.19739730383876275,0.21954501199331078,0.26289099196284615,0.2904407629404542,-0.02214770815454803,-10.088003345401825,-0.024164750275043397,-0.02019382328454727,-10.921322142639056,-9.289569881163136,-19.010922944361084,1.8402483179884124e-56,-15.626597806465915,1.7487444919935264e-42,0.003273356317466862,1.490972756678524,5.520744953965237e-56,True
sensitivity_recorded_distance,secondary,F2,F1,923884,365,0.198735734483674,0.19739730383876275,0.26464198153228397,0.26289099196284615,0.001338430644911237,0.67803896957199,0.0009707740709997706,0.0017324970173785812,0.4927812036918827,0.8752757411327161,5.118635042904345,4.994633209707986e-07,4.999654860602031,8.94573070262765e-07,0.0007829939762785668,0.39665890113581737,9.989266419415972e-07,False
sensitivity_recorded_distance,secondary,F3,F2,923884,365,0.19955539080420687,0.198735734483674,0.2658366923284834,0.26464198153228397,0.00081965632053288,0.41243529889699543,0.0005144268794414319,0.0011442075855750498,0.25878296414851804,0.575540666271345,3.516136967809255,0.0004931856938429185,4.131434829843911,4.4765022141527736e-05,0.0007139252975282566,0.3592334812775732,0.0004931856938429185,False
