run,information_set,test_month,first_training_month,last_training_month,training_trips,test_trips
main,primary,2025-01,2024-01,2024-09,1453460,67115
main,primary,2025-02,2024-01,2024-10,1638957,68793
main,primary,2025-03,2024-01,2024-11,1815914,79866
main,primary,2025-04,2024-01,2024-12,1992548,75303
main,primary,2025-05,2024-01,2025-01,2159667,86656
main,primary,2025-06,2024-01,2025-02,2331123,81271
main,primary,2025-07,2024-01,2025-03,2530401,73681
main,primary,2025-08,2024-01,2025-04,2720174,67537
main,primary,2025-09,2024-01,2025-05,2937310,80210
main,primary,2025-10,2024-01,2025-06,3140812,83930
main,primary,2025-11,2024-01,2025-07,3324504,78852
main,primary,2025-12,2024-01,2025-08,3493523,80670
main,secondary,2025-01,2024-01,2024-12,1992548,67115
main,secondary,2025-02,2024-01,2025-01,2159667,68793
main,secondary,2025-03,2024-01,2025-02,2331123,79866
main,secondary,2025-04,2024-01,2025-03,2530401,75303
main,secondary,2025-05,2024-01,2025-04,2720174,86656
main,secondary,2025-06,2024-01,2025-05,2937310,81271
main,secondary,2025-07,2024-01,2025-06,3140812,73681
main,secondary,2025-08,2024-01,2025-07,3324504,67537
main,secondary,2025-09,2024-01,2025-08,3493523,80210
main,secondary,2025-10,2024-01,2025-09,3694610,83930
main,secondary,2025-11,2024-01,2025-10,3904112,78852
main,secondary,2025-12,2024-01,2025-11,4102646,80670
robustness_2024,primary,2024-07,2024-01,2024-03,460564,59448
robustness_2024,primary,2024-08,2024-01,2024-04,631267,57261
robustness_2024,primary,2024-09,2024-01,2024-05,812271,70075
robustness_2024,primary,2024-10,2024-01,2024-06,984870,74269
robustness_2024,primary,2024-11,2024-01,2024-07,1134586,70378
robustness_2024,primary,2024-12,2024-01,2024-08,1278229,70786
robustness_2024,secondary,2024-07,2024-01,2024-06,984870,59448
robustness_2024,secondary,2024-08,2024-01,2024-07,1134586,57261
robustness_2024,secondary,2024-09,2024-01,2024-08,1278229,70075
robustness_2024,secondary,2024-10,2024-01,2024-09,1453460,74269
robustness_2024,secondary,2024-11,2024-01,2024-10,1638957,70378
robustness_2024,secondary,2024-12,2024-01,2024-11,1815914,70786
sensitivity_recorded_distance,primary,2025-01,2024-01,2024-09,1453460,67115
sensitivity_recorded_distance,primary,2025-02,2024-01,2024-10,1638957,68793
sensitivity_recorded_distance,primary,2025-03,2024-01,2024-11,1815914,79866
sensitivity_recorded_distance,primary,2025-04,2024-01,2024-12,1992548,75303
sensitivity_recorded_distance,primary,2025-05,2024-01,2025-01,2159667,86656
sensitivity_recorded_distance,primary,2025-06,2024-01,2025-02,2331123,81271
sensitivity_recorded_distance,primary,2025-07,2024-01,2025-03,2530401,73681
sensitivity_recorded_distance,primary,2025-08,2024-01,2025-04,2720174,67537
sensitivity_recorded_distance,primary,2025-09,2024-01,2025-05,2937310,80210
sensitivity_recorded_distance,primary,2025-10,2024-01,2025-06,3140812,83930
sensitivity_recorded_distance,primary,2025-11,2024-01,2025-07,3324504,78852
sensitivity_recorded_distance,primary,2025-12,2024-01,2025-08,3493523,80670
sensitivity_recorded_distance,secondary,2025-01,2024-01,2024-12,1992548,67115
sensitivity_recorded_distance,secondary,2025-02,2024-01,2025-01,2159667,68793
sensitivity_recorded_distance,secondary,2025-03,2024-01,2025-02,2331123,79866
sensitivity_recorded_distance,secondary,2025-04,2024-01,2025-03,2530401,75303
sensitivity_recorded_distance,secondary,2025-05,2024-01,2025-04,2720174,86656
sensitivity_recorded_distance,secondary,2025-06,2024-01,2025-05,2937310,81271
sensitivity_recorded_distance,secondary,2025-07,2024-01,2025-06,3140812,73681
sensitivity_recorded_distance,secondary,2025-08,2024-01,2025-07,3324504,67537
sensitivity_recorded_distance,secondary,2025-09,2024-01,2025-08,3493523,80210
sensitivity_recorded_distance,secondary,2025-10,2024-01,2025-09,3694610,83930
sensitivity_recorded_distance,secondary,2025-11,2024-01,2025-10,3904112,78852
sensitivity_recorded_distance,secondary,2025-12,2024-01,2025-11,4102646,80670
