run,information_set,model,test_trips,mae_log_duration,rmse_log_duration,mae_seconds,mape_seconds
main,primary,F0,923884,0.27082480239571494,0.36344531957855886,242.81399888040033,28.814056887511523
main,primary,F1,923884,0.25303129518918743,0.34428710603695967,221.78360634025597,27.173324269362382
main,primary,F2,923884,0.25445554363812695,0.34581620486449194,223.4231858587844,27.262863729511384
main,primary,F3,923884,0.2548679274119678,0.34626865964485126,223.99199832564142,27.168105230495392
main,primary,N0,923884,0.29727711096631243,0.40281530608283067,277.64287507955544,31.830138265117448
main,secondary,F0,923884,0.2703632875532828,0.3629569231378609,242.3026100010188,28.768499560918166
main,secondary,F1,923884,0.25213859466059846,0.34337424045009163,220.76080534618148,27.09385733800235
main,secondary,F2,923884,0.25331498112472234,0.34464353551153193,222.12374984086796,27.234794028232766
main,secondary,F3,923884,0.2539951456121708,0.3453235958539401,223.02766625723788,27.13333295204901
main,secondary,N0,923884,0.29130775636361245,0.39451351600899387,270.60562689688317,31.21917304047791
robustness_2024,primary,F0,402217,0.2910784168662166,0.38870407647616917,263.4995578268777,29.422689026411025
robustness_2024,primary,F1,402217,0.2823668822699546,0.37968644933326035,251.89366931984216,28.58607043222493
robustness_2024,primary,F2,402217,0.2860233244207725,0.3839723868659208,256.1100505156193,28.67750519111224
robustness_2024,primary,F3,402217,0.2866290938780158,0.3848033448986314,256.1952375717484,28.298592335099137
robustness_2024,primary,N0,402217,0.32999394806291044,0.4447117879196576,304.1093613646365,33.875873404268106
robustness_2024,secondary,F0,402217,0.28811079937906137,0.3854893632456326,259.90497042155465,29.53269593198745
robustness_2024,secondary,F1,402217,0.27590607250943977,0.3723643374755786,246.64195738255228,28.956760305322938
robustness_2024,secondary,F2,402217,0.2758998621849732,0.3723299171912347,246.78226194290397,28.903741183618838
robustness_2024,secondary,F3,402217,0.27648355218702847,0.37315542990553985,247.38419506744034,29.050694987825782
robustness_2024,secondary,N0,402217,0.31670766892670643,0.4272469719226831,291.49706626025255,32.96835252504614
sensitivity_recorded_distance,primary,F0,923884,0.22004827941823074,0.29113612740470707,213.24732925839086,22.270483270246313
sensitivity_recorded_distance,primary,F1,923884,0.19858001532189146,0.2645764588078812,189.6375534040496,20.209838716276607
sensitivity_recorded_distance,primary,F2,923884,0.20001430224697822,0.2664263703945832,191.2706633272288,20.30395673803773
sensitivity_recorded_distance,primary,F3,923884,0.20055901724501482,0.26727876951215207,192.00198955582013,20.308162750348856
sensitivity_recorded_distance,secondary,F0,923884,0.21954501199331078,0.2904407629404542,212.64454970589017,22.24582084243223
sensitivity_recorded_distance,secondary,F1,923884,0.19739730383876275,0.26289099196284615,188.40812041211674,20.10289843079722
sensitivity_recorded_distance,secondary,F2,923884,0.198735734483674,0.26464198153228397,189.8549845151123,20.23155466717596
sensitivity_recorded_distance,secondary,F3,923884,0.19955539080420687,0.2658366923284834,190.8809464959777,20.249899583952498
