step,median_seconds,min_seconds,max_seconds,builds
stage_sources,14.579,13.195,14.719,3
stg_zone_lookup,0.064,0.029,0.072,3
stg_borough_region,0.033,0.025,0.051,3
stg_metro_region,0.032,0.023,0.033,3
dim_date,0.06,0.039,0.086,3
dim_geography,0.202,0.13,0.407,3
stg_trip_validity,0.027,0.026,0.045,3
fact_trip,88.746,86.274,89.09,3
audit_trip_validity,50.771,47.25,53.862,3
fact_fuel_price_weekly,0.099,0.043,0.1,3
fact_weather_daily,0.199,0.121,0.209,3
agg_trip_zone_day,0.486,0.399,0.557,3
agg_trip_zone_week,0.216,0.202,0.347,3
agg_trip_region_week,0.239,0.171,0.284,3
agg_weather_region_week,0.074,0.063,0.159,3
total,161.7,159.3,170.0,3
