table,rows,allocated_bytes
agg_trip_region_week,1412,524288
agg_trip_zone_day,754588,3407872
agg_trip_zone_week,118511,786432
agg_weather_region_week,7552,524288
audit_trip_validity,20,524288
dim_date,3300,524288
dim_geography,298,524288
fact_fuel_price_weekly,7971,524288
fact_trip,86079843,2075918336
fact_weather_daily,52800,786432
stg_borough_region,8,524288
stg_fuel_price,7973,524288
stg_metro_region,16,524288
stg_trip_validity_threshold,1,524288
stg_trip_zone_day,764663,4456448
stg_us_federal_holiday,96,524288
stg_weather,52800,1048576
stg_zone_centroid,263,524288
stg_zone_lookup,265,524288
warehouse_file,,2091397120
