build,step,seconds
1,stage_sources,13.195
1,stg_zone_lookup,0.064
1,stg_borough_region,0.033
1,stg_metro_region,0.023
1,dim_date,0.086
1,dim_geography,0.13
1,stg_trip_validity,0.027
1,fact_trip,88.746
1,audit_trip_validity,47.25
1,fact_fuel_price_weekly,0.043
1,fact_weather_daily,0.121
1,agg_trip_zone_day,0.399
1,agg_trip_zone_week,0.216
1,agg_trip_region_week,0.284
1,agg_weather_region_week,0.063
1,total,159.3
2,stage_sources,14.719
2,stg_zone_lookup,0.029
2,stg_borough_region,0.025
2,stg_metro_region,0.033
2,dim_date,0.039
2,dim_geography,0.202
2,stg_trip_validity,0.045
2,fact_trip,89.09
2,audit_trip_validity,53.862
2,fact_fuel_price_weekly,0.1
2,fact_weather_daily,0.209
2,agg_trip_zone_day,0.557
2,agg_trip_zone_week,0.347
2,agg_trip_region_week,0.239
2,agg_weather_region_week,0.159
2,total,170.0
3,stage_sources,14.579
3,stg_zone_lookup,0.072
3,stg_borough_region,0.051
3,stg_metro_region,0.032
3,dim_date,0.06
3,dim_geography,0.407
3,stg_trip_validity,0.026
3,fact_trip,86.274
3,audit_trip_validity,50.771
3,fact_fuel_price_weekly,0.099
3,fact_weather_daily,0.199
3,agg_trip_zone_day,0.486
3,agg_trip_zone_week,0.202
3,agg_trip_region_week,0.171
3,agg_weather_region_week,0.074
3,total,161.7
