series_code,weeks_expected,weeks_with_price,weeks_without_row,weeks_with_blank_price,dates_not_on_monday,first_priced_week,last_priced_week,min_usd,mean_usd,max_usd
albany,470,469,1,0,0,2017-01-02,2025-12-29,2.09,3.0584,4.97
batavia,470,467,1,2,0,2017-01-16,2025-12-29,2.19,3.0747,4.9
binghamton,470,469,1,0,0,2017-01-02,2025-12-29,2.12,3.0717,4.97
buffalo,470,469,1,0,0,2017-01-02,2025-12-29,2.18,3.0766,4.9
dutchess,470,469,1,0,0,2017-01-02,2025-12-29,2.24,3.1432,5.07
elmira,470,469,1,0,0,2017-01-02,2025-12-29,1.94,3.0048,4.98
glens_falls,470,469,1,0,0,2017-01-02,2025-12-29,2.09,3.1128,5.0
ithaca,470,469,1,0,0,2017-01-02,2025-12-29,2.11,3.0892,4.98
kingston,470,469,1,0,0,2017-01-02,2025-12-29,2.09,3.0285,4.99
nassau,470,469,1,0,0,2017-01-02,2025-12-29,2.06,3.047,5.03
new_york_city,470,469,1,0,0,2017-01-02,2025-12-29,2.23,3.1628,5.18
new_york_state,470,469,1,0,0,2017-01-02,2025-12-29,2.16,3.1038,5.03
rochester,470,469,1,0,0,2017-01-02,2025-12-29,2.19,3.0926,4.98
syracuse,470,469,1,0,0,2017-01-02,2025-12-29,2.06,3.0497,4.97
utica,470,469,1,0,0,2017-01-02,2025-12-29,2.11,3.124,5.0
watertown,470,469,1,0,0,2017-01-02,2025-12-29,2.12,3.1172,4.99
white_plains,470,469,1,0,0,2017-01-02,2025-12-29,2.32,3.2165,5.14
