series_code,week_start,reason
albany,2024-12-30,week absent from file
batavia,2017-01-02,blank price
batavia,2017-01-09,blank price
batavia,2024-12-30,week absent from file
binghamton,2024-12-30,week absent from file
buffalo,2024-12-30,week absent from file
dutchess,2024-12-30,week absent from file
elmira,2024-12-30,week absent from file
glens_falls,2024-12-30,week absent from file
ithaca,2024-12-30,week absent from file
kingston,2024-12-30,week absent from file
nassau,2024-12-30,week absent from file
new_york_city,2024-12-30,week absent from file
new_york_state,2024-12-30,week absent from file
rochester,2024-12-30,week absent from file
syracuse,2024-12-30,week absent from file
utica,2024-12-30,week absent from file
watertown,2024-12-30,week absent from file
white_plains,2024-12-30,week absent from file
