file_month,trip_rows,pickups_outside_file_month,first_pickup,last_pickup,missing_passenger_count,nonpositive_fare,nonpositive_distance,nonpositive_duration,duration_over_24_hours,unknown_zone_trips,median_fare_usd,median_distance_miles
2024-01,2964624,18,2002-12-31 22:59:39,2024-02-01 00:01:15,140162,38341,60371,870,16,31527,12.8,1.68
2024-02,3007526,15,2008-12-31 22:52:49,2024-03-01 00:01:37,185610,41499,68225,803,12,28974,12.8,1.69
2024-03,3582628,23,2002-12-31 22:17:10,2024-04-01 00:34:55,426190,59756,87168,1128,20,35374,13.5,1.75
2024-04,3514289,9,2002-12-31 22:10:04,2024-05-01 00:02:36,408576,58876,45813,1089,26,35759,13.5,1.8
2024-05,3723833,33,2002-12-31 16:46:07,2024-06-01 23:54:14,404666,62565,49791,1147,15,38725,14.2,1.8
2024-06,3539193,51,2008-12-31 00:00:00,2026-06-26 23:53:12,410781,63043,52954,1140,20,38513,14.2,1.8
2024-07,3076903,47,2009-01-01 00:02:24,2024-08-01 23:51:57,278989,59730,48045,1068,25,36087,13.5,1.8
2024-08,2979183,51,2009-01-01 00:02:52,2024-09-10 12:27:29,258667,59387,57413,1018,24,34435,13.5,1.8
2024-09,3633030,49,2008-12-31 23:03:46,2024-10-01 21:24:53,483731,74777,81121,1161,25,35378,14.2,1.8
2024-10,3833771,40,2009-01-01 00:35:59,2024-11-14 18:30:00,393895,76877,81639,1002,17,42609,14.2,1.77
2024-11,3646369,50,2002-12-31 22:17:43,2024-12-01 22:04:33,373674,72936,68315,1861,12,32984,14.2,1.72
2024-12,3668371,34,2008-12-31 23:03:59,2025-03-23 20:42:06,326291,80497,75450,1223,18,35295,14.2,1.68
2025-01,3475226,22,2024-12-31 20:47:55,2025-02-01 00:00:44,540149,145516,90893,2051,20,28357,12.11,1.67
2025-02,3577543,31,2025-01-31 22:22:53,2025-03-01 00:06:32,806937,184096,99771,5164,16,25008,12.8,1.7
2025-03,4145257,33,2007-12-05 18:45:00,2025-04-01 00:00:17,916663,210378,103722,22280,11,28415,13.5,1.8
2025-04,3970553,7,2025-03-31 23:45:01,2025-05-01 00:48:13,745730,188171,91439,34769,25,29100,13.5,1.8
2025-05,4591845,24,2009-01-01 00:20:39,2025-06-01 00:04:31,1196176,327375,141121,64272,26,34771,14.15,1.89
2025-06,4322960,20,2025-05-31 22:34:26,2025-06-30 23:59:59,1212946,277527,134896,68583,20,33016,14.2,1.92
2025-07,3898963,7,2009-01-01 08:52:26,2025-07-31 23:59:59,1038755,248458,123774,56064,31,31914,14.2,1.91
2025-08,3574091,17,2009-01-01 12:52:15,2025-09-01 00:00:29,886234,262635,105184,47833,45,32089,13.5,2.0
2025-09,4251015,7,2025-08-31 23:45:38,2025-10-01 00:00:11,1067195,254424,124483,57179,37,32074,14.9,1.92
2025-10,4428699,13,2025-09-30 22:54:51,2025-11-01 00:32:12,990887,323383,125599,67968,35,33545,13.5,1.89
2025-11,4181444,24,2008-12-31 23:04:21,2025-11-30 23:59:59,1014740,397555,109420,62120,42,31090,12.8,1.89
2025-12,4305006,9,2025-11-30 20:48:56,2025-12-31 23:59:59,1195482,50716,152656,58021,44,32278,16.94,1.81
