file_month,column,type
2024-01,VendorID,int32
2024-01,tpep_pickup_datetime,timestamp[us]
2024-01,tpep_dropoff_datetime,timestamp[us]
2024-01,passenger_count,int64
2024-01,trip_distance,double
2024-01,RatecodeID,int64
2024-01,store_and_fwd_flag,large_string
2024-01,PULocationID,int32
2024-01,DOLocationID,int32
2024-01,payment_type,int64
2024-01,fare_amount,double
2024-01,extra,double
2024-01,mta_tax,double
2024-01,tip_amount,double
2024-01,tolls_amount,double
2024-01,improvement_surcharge,double
2024-01,total_amount,double
2024-01,congestion_surcharge,double
2024-01,Airport_fee,double
2024-02,VendorID,int32
2024-02,tpep_pickup_datetime,timestamp[us]
2024-02,tpep_dropoff_datetime,timestamp[us]
2024-02,passenger_count,int64
2024-02,trip_distance,double
2024-02,RatecodeID,int64
2024-02,store_and_fwd_flag,large_string
2024-02,PULocationID,int32
2024-02,DOLocationID,int32
2024-02,payment_type,int64
2024-02,fare_amount,double
2024-02,extra,double
2024-02,mta_tax,double
2024-02,tip_amount,double
2024-02,tolls_amount,double
2024-02,improvement_surcharge,double
2024-02,total_amount,double
2024-02,congestion_surcharge,double
2024-02,Airport_fee,double
2024-03,VendorID,int32
2024-03,tpep_pickup_datetime,timestamp[us]
2024-03,tpep_dropoff_datetime,timestamp[us]
2024-03,passenger_count,int64
2024-03,trip_distance,double
2024-03,RatecodeID,int64
2024-03,store_and_fwd_flag,large_string
2024-03,PULocationID,int32
2024-03,DOLocationID,int32
2024-03,payment_type,int64
2024-03,fare_amount,double
2024-03,extra,double
2024-03,mta_tax,double
2024-03,tip_amount,double
2024-03,tolls_amount,double
2024-03,improvement_surcharge,double
2024-03,total_amount,double
2024-03,congestion_surcharge,double
2024-03,Airport_fee,double
2024-04,VendorID,int32
2024-04,tpep_pickup_datetime,timestamp[us]
2024-04,tpep_dropoff_datetime,timestamp[us]
2024-04,passenger_count,int64
2024-04,trip_distance,double
2024-04,RatecodeID,int64
2024-04,store_and_fwd_flag,large_string
2024-04,PULocationID,int32
2024-04,DOLocationID,int32
2024-04,payment_type,int64
2024-04,fare_amount,double
2024-04,extra,double
2024-04,mta_tax,double
2024-04,tip_amount,double
2024-04,tolls_amount,double
2024-04,improvement_surcharge,double
2024-04,total_amount,double
2024-04,congestion_surcharge,double
2024-04,Airport_fee,double
2024-05,VendorID,int32
2024-05,tpep_pickup_datetime,timestamp[us]
2024-05,tpep_dropoff_datetime,timestamp[us]
2024-05,passenger_count,int64
2024-05,trip_distance,double
2024-05,RatecodeID,int64
2024-05,store_and_fwd_flag,large_string
2024-05,PULocationID,int32
2024-05,DOLocationID,int32
2024-05,payment_type,int64
2024-05,fare_amount,double
2024-05,extra,double
2024-05,mta_tax,double
2024-05,tip_amount,double
2024-05,tolls_amount,double
2024-05,improvement_surcharge,double
2024-05,total_amount,double
2024-05,congestion_surcharge,double
2024-05,Airport_fee,double
2024-06,VendorID,int32
2024-06,tpep_pickup_datetime,timestamp[us]
2024-06,tpep_dropoff_datetime,timestamp[us]
2024-06,passenger_count,int64
2024-06,trip_distance,double
2024-06,RatecodeID,int64
2024-06,store_and_fwd_flag,large_string
2024-06,PULocationID,int32
2024-06,DOLocationID,int32
2024-06,payment_type,int64
2024-06,fare_amount,double
2024-06,extra,double
2024-06,mta_tax,double
2024-06,tip_amount,double
2024-06,tolls_amount,double
2024-06,improvement_surcharge,double
2024-06,total_amount,double
2024-06,congestion_surcharge,double
2024-06,Airport_fee,double
2024-07,VendorID,int32
2024-07,tpep_pickup_datetime,timestamp[us]
2024-07,tpep_dropoff_datetime,timestamp[us]
2024-07,passenger_count,int64
2024-07,trip_distance,double
2024-07,RatecodeID,int64
2024-07,store_and_fwd_flag,large_string
2024-07,PULocationID,int32
2024-07,DOLocationID,int32
2024-07,payment_type,int64
2024-07,fare_amount,double
2024-07,extra,double
2024-07,mta_tax,double
2024-07,tip_amount,double
2024-07,tolls_amount,double
2024-07,improvement_surcharge,double
2024-07,total_amount,double
2024-07,congestion_surcharge,double
2024-07,Airport_fee,double
2024-08,VendorID,int32
2024-08,tpep_pickup_datetime,timestamp[us]
2024-08,tpep_dropoff_datetime,timestamp[us]
2024-08,passenger_count,int64
2024-08,trip_distance,double
2024-08,RatecodeID,int64
2024-08,store_and_fwd_flag,large_string
2024-08,PULocationID,int32
2024-08,DOLocationID,int32
2024-08,payment_type,int64
2024-08,fare_amount,double
2024-08,extra,double
2024-08,mta_tax,double
2024-08,tip_amount,double
2024-08,tolls_amount,double
2024-08,improvement_surcharge,double
2024-08,total_amount,double
2024-08,congestion_surcharge,double
2024-08,Airport_fee,double
2024-09,VendorID,int32
2024-09,tpep_pickup_datetime,timestamp[us]
2024-09,tpep_dropoff_datetime,timestamp[us]
2024-09,passenger_count,int64
2024-09,trip_distance,double
2024-09,RatecodeID,int64
2024-09,store_and_fwd_flag,large_string
2024-09,PULocationID,int32
2024-09,DOLocationID,int32
2024-09,payment_type,int64
2024-09,fare_amount,double
2024-09,extra,double
2024-09,mta_tax,double
2024-09,tip_amount,double
2024-09,tolls_amount,double
2024-09,improvement_surcharge,double
2024-09,total_amount,double
2024-09,congestion_surcharge,double
2024-09,Airport_fee,double
2024-10,VendorID,int32
2024-10,tpep_pickup_datetime,timestamp[us]
2024-10,tpep_dropoff_datetime,timestamp[us]
2024-10,passenger_count,int64
2024-10,trip_distance,double
2024-10,RatecodeID,int64
2024-10,store_and_fwd_flag,large_string
2024-10,PULocationID,int32
2024-10,DOLocationID,int32
2024-10,payment_type,int64
2024-10,fare_amount,double
2024-10,extra,double
2024-10,mta_tax,double
2024-10,tip_amount,double
2024-10,tolls_amount,double
2024-10,improvement_surcharge,double
2024-10,total_amount,double
2024-10,congestion_surcharge,double
2024-10,Airport_fee,double
2024-11,VendorID,int32
2024-11,tpep_pickup_datetime,timestamp[us]
2024-11,tpep_dropoff_datetime,timestamp[us]
2024-11,passenger_count,int64
2024-11,trip_distance,double
2024-11,RatecodeID,int64
2024-11,store_and_fwd_flag,large_string
2024-11,PULocationID,int32
2024-11,DOLocationID,int32
2024-11,payment_type,int64
2024-11,fare_amount,double
2024-11,extra,double
2024-11,mta_tax,double
2024-11,tip_amount,double
2024-11,tolls_amount,double
2024-11,improvement_surcharge,double
2024-11,total_amount,double
2024-11,congestion_surcharge,double
2024-11,Airport_fee,double
2024-12,VendorID,int32
2024-12,tpep_pickup_datetime,timestamp[us]
2024-12,tpep_dropoff_datetime,timestamp[us]
2024-12,passenger_count,int64
2024-12,trip_distance,double
2024-12,RatecodeID,int64
2024-12,store_and_fwd_flag,large_string
2024-12,PULocationID,int32
2024-12,DOLocationID,int32
2024-12,payment_type,int64
2024-12,fare_amount,double
2024-12,extra,double
2024-12,mta_tax,double
2024-12,tip_amount,double
2024-12,tolls_amount,double
2024-12,improvement_surcharge,double
2024-12,total_amount,double
2024-12,congestion_surcharge,double
2024-12,Airport_fee,double
2025-01,VendorID,int32
2025-01,tpep_pickup_datetime,timestamp[us]
2025-01,tpep_dropoff_datetime,timestamp[us]
2025-01,passenger_count,int64
2025-01,trip_distance,double
2025-01,RatecodeID,int64
2025-01,store_and_fwd_flag,large_string
2025-01,PULocationID,int32
2025-01,DOLocationID,int32
2025-01,payment_type,int64
2025-01,fare_amount,double
2025-01,extra,double
2025-01,mta_tax,double
2025-01,tip_amount,double
2025-01,tolls_amount,double
2025-01,improvement_surcharge,double
2025-01,total_amount,double
2025-01,congestion_surcharge,double
2025-01,Airport_fee,double
2025-01,cbd_congestion_fee,double
2025-02,VendorID,int32
2025-02,tpep_pickup_datetime,timestamp[us]
2025-02,tpep_dropoff_datetime,timestamp[us]
2025-02,passenger_count,int64
2025-02,trip_distance,double
2025-02,RatecodeID,int64
2025-02,store_and_fwd_flag,large_string
2025-02,PULocationID,int32
2025-02,DOLocationID,int32
2025-02,payment_type,int64
2025-02,fare_amount,double
2025-02,extra,double
2025-02,mta_tax,double
2025-02,tip_amount,double
2025-02,tolls_amount,double
2025-02,improvement_surcharge,double
2025-02,total_amount,double
2025-02,congestion_surcharge,double
2025-02,Airport_fee,double
2025-02,cbd_congestion_fee,double
2025-03,VendorID,int32
2025-03,tpep_pickup_datetime,timestamp[us]
2025-03,tpep_dropoff_datetime,timestamp[us]
2025-03,passenger_count,int64
2025-03,trip_distance,double
2025-03,RatecodeID,int64
2025-03,store_and_fwd_flag,large_string
2025-03,PULocationID,int32
2025-03,DOLocationID,int32
2025-03,payment_type,int64
2025-03,fare_amount,double
2025-03,extra,double
2025-03,mta_tax,double
2025-03,tip_amount,double
2025-03,tolls_amount,double
2025-03,improvement_surcharge,double
2025-03,total_amount,double
2025-03,congestion_surcharge,double
2025-03,Airport_fee,double
2025-03,cbd_congestion_fee,double
2025-04,VendorID,int32
2025-04,tpep_pickup_datetime,timestamp[us]
2025-04,tpep_dropoff_datetime,timestamp[us]
2025-04,passenger_count,int64
2025-04,trip_distance,double
2025-04,RatecodeID,int64
2025-04,store_and_fwd_flag,large_string
2025-04,PULocationID,int32
2025-04,DOLocationID,int32
2025-04,payment_type,int64
2025-04,fare_amount,double
2025-04,extra,double
2025-04,mta_tax,double
2025-04,tip_amount,double
2025-04,tolls_amount,double
2025-04,improvement_surcharge,double
2025-04,total_amount,double
2025-04,congestion_surcharge,double
2025-04,Airport_fee,double
2025-04,cbd_congestion_fee,double
2025-05,VendorID,int32
2025-05,tpep_pickup_datetime,timestamp[us]
2025-05,tpep_dropoff_datetime,timestamp[us]
2025-05,passenger_count,int64
2025-05,trip_distance,double
2025-05,RatecodeID,int64
2025-05,store_and_fwd_flag,large_string
2025-05,PULocationID,int32
2025-05,DOLocationID,int32
2025-05,payment_type,int64
2025-05,fare_amount,double
2025-05,extra,double
2025-05,mta_tax,double
2025-05,tip_amount,double
2025-05,tolls_amount,double
2025-05,improvement_surcharge,double
2025-05,total_amount,double
2025-05,congestion_surcharge,double
2025-05,Airport_fee,double
2025-05,cbd_congestion_fee,double
2025-06,VendorID,int32
2025-06,tpep_pickup_datetime,timestamp[us]
2025-06,tpep_dropoff_datetime,timestamp[us]
2025-06,passenger_count,int64
2025-06,trip_distance,double
2025-06,RatecodeID,int64
2025-06,store_and_fwd_flag,large_string
2025-06,PULocationID,int32
2025-06,DOLocationID,int32
2025-06,payment_type,int64
2025-06,fare_amount,double
2025-06,extra,double
2025-06,mta_tax,double
2025-06,tip_amount,double
2025-06,tolls_amount,double
2025-06,improvement_surcharge,double
2025-06,total_amount,double
2025-06,congestion_surcharge,double
2025-06,Airport_fee,double
2025-06,cbd_congestion_fee,double
2025-07,VendorID,int32
2025-07,tpep_pickup_datetime,timestamp[us]
2025-07,tpep_dropoff_datetime,timestamp[us]
2025-07,passenger_count,int64
2025-07,trip_distance,double
2025-07,RatecodeID,int64
2025-07,store_and_fwd_flag,large_string
2025-07,PULocationID,int32
2025-07,DOLocationID,int32
2025-07,payment_type,int64
2025-07,fare_amount,double
2025-07,extra,double
2025-07,mta_tax,double
2025-07,tip_amount,double
2025-07,tolls_amount,double
2025-07,improvement_surcharge,double
2025-07,total_amount,double
2025-07,congestion_surcharge,double
2025-07,Airport_fee,double
2025-07,cbd_congestion_fee,double
2025-08,VendorID,int32
2025-08,tpep_pickup_datetime,timestamp[us]
2025-08,tpep_dropoff_datetime,timestamp[us]
2025-08,passenger_count,int64
2025-08,trip_distance,double
2025-08,RatecodeID,int64
2025-08,store_and_fwd_flag,large_string
2025-08,PULocationID,int32
2025-08,DOLocationID,int32
2025-08,payment_type,int64
2025-08,fare_amount,double
2025-08,extra,double
2025-08,mta_tax,double
2025-08,tip_amount,double
2025-08,tolls_amount,double
2025-08,improvement_surcharge,double
2025-08,total_amount,double
2025-08,congestion_surcharge,double
2025-08,Airport_fee,double
2025-08,cbd_congestion_fee,double
2025-09,VendorID,int32
2025-09,tpep_pickup_datetime,timestamp[us]
2025-09,tpep_dropoff_datetime,timestamp[us]
2025-09,passenger_count,int64
2025-09,trip_distance,double
2025-09,RatecodeID,int64
2025-09,store_and_fwd_flag,large_string
2025-09,PULocationID,int32
2025-09,DOLocationID,int32
2025-09,payment_type,int64
2025-09,fare_amount,double
2025-09,extra,double
2025-09,mta_tax,double
2025-09,tip_amount,double
2025-09,tolls_amount,double
2025-09,improvement_surcharge,double
2025-09,total_amount,double
2025-09,congestion_surcharge,double
2025-09,Airport_fee,double
2025-09,cbd_congestion_fee,double
2025-10,VendorID,int32
2025-10,tpep_pickup_datetime,timestamp[us]
2025-10,tpep_dropoff_datetime,timestamp[us]
2025-10,passenger_count,int64
2025-10,trip_distance,double
2025-10,RatecodeID,int64
2025-10,store_and_fwd_flag,large_string
2025-10,PULocationID,int32
2025-10,DOLocationID,int32
2025-10,payment_type,int64
2025-10,fare_amount,double
2025-10,extra,double
2025-10,mta_tax,double
2025-10,tip_amount,double
2025-10,tolls_amount,double
2025-10,improvement_surcharge,double
2025-10,total_amount,double
2025-10,congestion_surcharge,double
2025-10,Airport_fee,double
2025-10,cbd_congestion_fee,double
2025-11,VendorID,int32
2025-11,tpep_pickup_datetime,timestamp[us]
2025-11,tpep_dropoff_datetime,timestamp[us]
2025-11,passenger_count,int64
2025-11,trip_distance,double
2025-11,RatecodeID,int64
2025-11,store_and_fwd_flag,large_string
2025-11,PULocationID,int32
2025-11,DOLocationID,int32
2025-11,payment_type,int64
2025-11,fare_amount,double
2025-11,extra,double
2025-11,mta_tax,double
2025-11,tip_amount,double
2025-11,tolls_amount,double
2025-11,improvement_surcharge,double
2025-11,total_amount,double
2025-11,congestion_surcharge,double
2025-11,Airport_fee,double
2025-11,cbd_congestion_fee,double
2025-12,VendorID,int32
2025-12,tpep_pickup_datetime,timestamp[us]
2025-12,tpep_dropoff_datetime,timestamp[us]
2025-12,passenger_count,int64
2025-12,trip_distance,double
2025-12,RatecodeID,int64
2025-12,store_and_fwd_flag,large_string
2025-12,PULocationID,int32
2025-12,DOLocationID,int32
2025-12,payment_type,int64
2025-12,fare_amount,double
2025-12,extra,double
2025-12,mta_tax,double
2025-12,tip_amount,double
2025-12,tolls_amount,double
2025-12,improvement_surcharge,double
2025-12,total_amount,double
2025-12,congestion_surcharge,double
2025-12,Airport_fee,double
2025-12,cbd_congestion_fee,double
