region_code,first_day,last_day,days,days_expected,duplicate_days,missing_values,mean_temperature_c,min_temperature_c,max_temperature_c,max_daily_precipitation_mm,max_daily_snowfall_cm
albany,2016-12-19,2025-12-31,3300,3300,0,0,10.96,-25.3,36.3,76.4,34.58
batavia,2016-12-19,2025-12-31,3300,3300,0,0,9.56,-21.9,33.9,75.1,22.68
binghamton,2016-12-19,2025-12-31,3300,3300,0,0,10.6,-27.7,35.5,60.2,32.62
buffalo,2016-12-19,2025-12-31,3300,3300,0,0,10.05,-19.9,32.1,72.1,23.8
dutchess,2016-12-19,2025-12-31,3300,3300,0,0,11.86,-23.6,37.2,91.7,35.28
elmira,2016-12-19,2025-12-31,3300,3300,0,0,10.71,-27.9,35.9,57.4,22.12
glens_falls,2016-12-19,2025-12-31,3300,3300,0,0,9.98,-29.3,36.3,90.5,32.2
ithaca,2016-12-19,2025-12-31,3300,3300,0,0,10.93,-24.0,35.6,69.1,22.75
kingston,2016-12-19,2025-12-31,3300,3300,0,0,11.72,-21.8,37.1,78.0,36.68
nassau,2016-12-19,2025-12-31,3300,3300,0,0,12.94,-16.8,35.5,85.2,25.34
new_york_city,2016-12-19,2025-12-31,3300,3300,0,0,12.94,-18.5,36.5,102.0,29.68
rochester,2016-12-19,2025-12-31,3300,3300,0,0,9.74,-19.1,31.0,70.4,23.24
syracuse,2016-12-19,2025-12-31,3300,3300,0,0,10.39,-23.0,35.5,74.6,23.17
utica,2016-12-19,2025-12-31,3300,3300,0,0,10.06,-28.6,34.9,71.5,30.87
watertown,2016-12-19,2025-12-31,3300,3300,0,0,8.85,-27.3,32.2,81.6,17.85
white_plains,2016-12-19,2025-12-31,3300,3300,0,0,12.49,-18.2,35.7,78.5,31.64
