month,snapshot_without,snapshot_with,last_modified_on_2026_10_09,released_after,released_by,usable_from_first_of_m_plus_3,rule_m_plus_3,usable_from_first_of_m_plus_4,rule_m_plus_4
2023-10,https://web.archive.org/web/20231207022338/https://www.nyc.gov/site/tlc/about/tlc-trip-record-data.page,https://web.archive.org/web/20240123234728/https://www.nyc.gov/site/tlc/about/tlc-trip-record-data.page,2023-12-18,2023-12-07,2023-12-18,2024-01-01,released in time,2024-02-01,released in time
2023-11,https://web.archive.org/web/20231207022338/https://www.nyc.gov/site/tlc/about/tlc-trip-record-data.page,https://web.archive.org/web/20240123234728/https://www.nyc.gov/site/tlc/about/tlc-trip-record-data.page,2024-01-18,2023-12-07,2024-01-18,2024-02-01,released in time,2024-03-01,released in time
2023-12,https://web.archive.org/web/20240202000408/https://www.nyc.gov/site/tlc/about/tlc-trip-record-data.page,https://web.archive.org/web/20240303192134/https://www.nyc.gov/site/tlc/about/tlc-trip-record-data.page,2024-02-22,2024-02-02,2024-02-22,2024-03-01,released in time,2024-04-01,released in time
2024-01,https://web.archive.org/web/20240315080006/https://www.nyc.gov/site/tlc/about/tlc-trip-record-data.page,https://web.archive.org/web/20240404075213/https://www.nyc.gov/site/tlc/about/tlc-trip-record-data.page,2024-03-21,2024-03-15,2024-03-21,2024-04-01,released in time,2024-05-01,released in time
2024-02,https://web.archive.org/web/20240424113310/https://www.nyc.gov/site/tlc/about/tlc-trip-record-data.page,https://web.archive.org/web/20240509181825/https://www.nyc.gov/site/tlc/about/tlc-trip-record-data.page,2024-04-19,2024-04-24,2024-04-19,2024-05-01,released in time,2024-06-01,released in time
2024-03,https://web.archive.org/web/20240509181825/https://www.nyc.gov/site/tlc/about/tlc-trip-record-data.page,https://web.archive.org/web/20240606213718/https://www.nyc.gov/site/tlc/about/tlc-trip-record-data.page,2024-05-22,2024-05-09,2024-05-22,2024-06-01,released in time,2024-07-01,released in time
2024-04,https://web.archive.org/web/20240606213718/https://www.nyc.gov/site/tlc/about/tlc-trip-record-data.page,https://web.archive.org/web/20240703212014/https://www.nyc.gov/site/tlc/about/tlc-trip-record-data.page,2024-06-20,2024-06-06,2024-06-20,2024-07-01,released in time,2024-08-01,released in time
2024-05,https://web.archive.org/web/20240711220449/https://www.nyc.gov/site/tlc/about/tlc-trip-record-data.page,https://web.archive.org/web/20240719215000/https://www.nyc.gov/site/tlc/about/tlc-trip-record-data.page,2024-07-18,2024-07-11,2024-07-18,2024-08-01,released in time,2024-09-01,released in time
2024-06,https://web.archive.org/web/20240819124104/https://www.nyc.gov/site/tlc/about/tlc-trip-record-data.page,https://web.archive.org/web/20240829104334/https://www.nyc.gov/site/tlc/about/tlc-trip-record-data.page,2024-08-20,2024-08-19,2024-08-20,2024-09-01,released in time,2024-10-01,released in time
2024-07,https://web.archive.org/web/20240918002116/https://www.nyc.gov/site/tlc/about/tlc-trip-record-data.page,https://web.archive.org/web/20240927104331/https://www.nyc.gov/site/tlc/about/tlc-trip-record-data.page,2024-09-18,2024-09-18,2024-09-18,2024-10-01,released in time,2024-11-01,released in time
2024-08,https://web.archive.org/web/20241007073514/https://www.nyc.gov/site/tlc/about/tlc-trip-record-data.page,https://web.archive.org/web/20241030134355/https://www.nyc.gov/site/tlc/about/tlc-trip-record-data.page,2024-10-23,2024-10-07,2024-10-23,2024-11-01,released in time,2024-12-01,released in time
2024-09,https://web.archive.org/web/20241114044448/https://www.nyc.gov/site/tlc/about/tlc-trip-record-data.page,https://web.archive.org/web/20241122144358/https://www.nyc.gov/site/tlc/about/tlc-trip-record-data.page,2024-11-20,2024-11-14,2024-11-20,2024-12-01,released in time,2025-01-01,released in time
2024-10,https://web.archive.org/web/20241217142411/https://www.nyc.gov/site/tlc/about/tlc-trip-record-data.page,https://web.archive.org/web/20241222121612/https://www.nyc.gov/site/tlc/about/tlc-trip-record-data.page,2024-12-18,2024-12-17,2024-12-18,2025-01-01,released in time,2025-02-01,released in time
2024-11,https://web.archive.org/web/20250103062759/https://www.nyc.gov/site/tlc/about/tlc-trip-record-data.page,https://web.archive.org/web/20250118210536/https://www.nyc.gov/site/tlc/about/tlc-trip-record-data.page,2025-01-17,2025-01-03,2025-01-17,2025-02-01,released in time,2025-03-01,released in time
2024-12,https://web.archive.org/web/20250219014732/https://www.nyc.gov/site/tlc/about/tlc-trip-record-data.page,https://web.archive.org/web/20250301090354/https://www.nyc.gov/site/tlc/about/tlc-trip-record-data.page,2025-02-21,2025-02-19,2025-02-21,2025-03-01,released in time,2025-04-01,released in time
2025-01,https://web.archive.org/web/20250320124121/https://www.nyc.gov/site/tlc/about/tlc-trip-record-data.page,https://web.archive.org/web/20250329031505/https://www.nyc.gov/site/tlc/about/tlc-trip-record-data.page,2025-04-23,2025-03-20,2025-03-29,2025-04-01,released in time,2025-05-01,released in time
2025-02,https://web.archive.org/web/20250420032342/https://www.nyc.gov/site/tlc/about/tlc-trip-record-data.page,https://web.archive.org/web/20250501233828/https://www.nyc.gov/site/tlc/about/tlc-trip-record-data.page,2025-04-23,2025-04-20,2025-04-23,2025-05-01,released in time,2025-06-01,released in time
2025-03,https://web.archive.org/web/20250518170117/https://www.nyc.gov/site/tlc/about/tlc-trip-record-data.page,https://web.archive.org/web/20250523093101/https://www.nyc.gov/site/tlc/about/tlc-trip-record-data.page,2025-05-21,2025-05-18,2025-05-21,2025-06-01,released in time,2025-07-01,released in time
2025-04,https://web.archive.org/web/20250529101632/https://www.nyc.gov/site/tlc/about/tlc-trip-record-data.page,https://web.archive.org/web/20250708161507/https://www.nyc.gov/site/tlc/about/tlc-trip-record-data.page,2025-06-25,2025-05-29,2025-06-25,2025-07-01,released in time,2025-08-01,released in time
2025-05,https://web.archive.org/web/20250529101632/https://www.nyc.gov/site/tlc/about/tlc-trip-record-data.page,https://web.archive.org/web/20250708161507/https://www.nyc.gov/site/tlc/about/tlc-trip-record-data.page,2025-06-25,2025-05-29,2025-06-25,2025-08-01,released in time,2025-09-01,released in time
2025-06,https://web.archive.org/web/20250725143514/https://www.nyc.gov/site/tlc/about/tlc-trip-record-data.page,https://web.archive.org/web/20250731160013/https://www.nyc.gov/site/tlc/about/tlc-trip-record-data.page,2025-07-25,2025-07-25,2025-07-25,2025-09-01,released in time,2025-10-01,released in time
2025-07,https://web.archive.org/web/20250819105102/https://www.nyc.gov/site/tlc/about/tlc-trip-record-data.page,https://web.archive.org/web/20250827191540/https://www.nyc.gov/site/tlc/about/tlc-trip-record-data.page,2025-08-21,2025-08-19,2025-08-21,2025-10-01,released in time,2025-11-01,released in time
2025-08,https://web.archive.org/web/20250919080523/https://www.nyc.gov/site/tlc/about/tlc-trip-record-data.page,https://web.archive.org/web/20250925012702/https://www.nyc.gov/site/tlc/about/tlc-trip-record-data.page,2025-09-24,2025-09-19,2025-09-24,2025-11-01,released in time,2025-12-01,released in time
2025-09,https://web.archive.org/web/20251022143505/https://www.nyc.gov/site/tlc/about/tlc-trip-record-data.page,https://web.archive.org/web/20251028114306/https://www.nyc.gov/site/tlc/about/tlc-trip-record-data.page,2025-10-23,2025-10-22,2025-10-23,2025-12-01,released in time,2026-01-01,released in time
2025-10,https://web.archive.org/web/20251120153351/https://www.nyc.gov/site/tlc/about/tlc-trip-record-data.page,https://web.archive.org/web/20251205121208/https://www.nyc.gov/site/tlc/about/tlc-trip-record-data.page,2025-11-25,2025-11-20,2025-11-25,2026-01-01,released in time,2026-02-01,released in time
2025-11,https://web.archive.org/web/20251218080205/https://www.nyc.gov/site/tlc/about/tlc-trip-record-data.page,https://web.archive.org/web/20251225180711/https://www.nyc.gov/site/tlc/about/tlc-trip-record-data.page,2025-12-19,2025-12-18,2025-12-19,2026-02-01,released in time,2026-03-01,released in time
2025-12,https://web.archive.org/web/20260323212026/https://www.nyc.gov/site/tlc/about/tlc-trip-record-data.page,https://web.archive.org/web/20260328205511/https://www.nyc.gov/site/tlc/about/tlc-trip-record-data.page,2026-03-25,2026-03-23,2026-03-25,2026-03-01,NOT released in time,2026-04-01,released in time
2026-01,https://web.archive.org/web/20260323212026/https://www.nyc.gov/site/tlc/about/tlc-trip-record-data.page,https://web.archive.org/web/20260328205511/https://www.nyc.gov/site/tlc/about/tlc-trip-record-data.page,2026-03-25,2026-03-23,2026-03-25,2026-04-01,released in time,2026-05-01,released in time
2026-02,https://web.archive.org/web/20260323212026/https://www.nyc.gov/site/tlc/about/tlc-trip-record-data.page,https://web.archive.org/web/20260328205511/https://www.nyc.gov/site/tlc/about/tlc-trip-record-data.page,2026-03-25,2026-03-23,2026-03-25,2026-05-01,released in time,2026-06-01,released in time
2026-03,https://web.archive.org/web/20260424221512/https://www.nyc.gov/site/tlc/about/tlc-trip-record-data.page,https://web.archive.org/web/20260430155620/https://www.nyc.gov/site/tlc/about/tlc-trip-record-data.page,2026-04-28,2026-04-24,2026-04-28,2026-06-01,released in time,2026-07-01,released in time
2026-04,https://web.archive.org/web/20260520221908/https://www.nyc.gov/site/tlc/about/tlc-trip-record-data.page,https://web.archive.org/web/20260606090820/https://www.nyc.gov/site/tlc/about/tlc-trip-record-data.page,2026-06-05,2026-05-20,2026-06-05,2026-07-01,released in time,2026-08-01,released in time
2026-05,https://web.archive.org/web/20260622051311/https://www.nyc.gov/site/tlc/about/tlc-trip-record-data.page,https://web.archive.org/web/20260701012056/https://www.nyc.gov/site/tlc/about/tlc-trip-record-data.page,2026-06-26,2026-06-22,2026-06-26,2026-08-01,released in time,2026-09-01,released in time
2026-06,https://web.archive.org/web/20260910010703/https://www.nyc.gov/site/tlc/about/tlc-trip-record-data.page,https://web.archive.org/web/20261003112013/https://www.nyc.gov/site/tlc/about/tlc-trip-record-data.page,2026-09-17,2026-09-10,2026-09-17,2026-09-01,NOT released in time,2026-10-01,released in time
2026-07,https://web.archive.org/web/20260910010703/https://www.nyc.gov/site/tlc/about/tlc-trip-record-data.page,https://web.archive.org/web/20261003112013/https://www.nyc.gov/site/tlc/about/tlc-trip-record-data.page,2026-09-17,2026-09-10,2026-09-17,2026-10-01,released in time,2026-11-01,released in time
2026-08,https://web.archive.org/web/20260910010703/https://www.nyc.gov/site/tlc/about/tlc-trip-record-data.page,https://web.archive.org/web/20261003112013/https://www.nyc.gov/site/tlc/about/tlc-trip-record-data.page,2026-10-01,2026-09-10,2026-10-01,2026-11-01,released in time,2026-12-01,released in time
