source,file_name,url,query_parameters,accessed_utc,size_bytes,sha256,row_count,checksum_policy,stored_locally
eia_gasoline,eia_weekly_regular_2017-01-02_2025-12-31.json,https://api.eia.gov/v2/petroleum/pri/gnd/data/,"{""data[0]"": ""value"", ""end"": ""2025-12-31"", ""facets[series][]"": [""EMM_EPMR_PTE_R1Y_DPG"", ""EMM_EPMR_PTE_SNY_DPG""], ""frequency"": ""weekly"", ""length"": 5000, ""sort[0][column]"": ""period"", ""sort[0][direction]"": ""asc"", ""sort[1][column]"": ""series"", ""sort[1][direction]"": ""asc"", ""start"": ""2017-01-02""}",2026-10-09T12:22:22+00:00,358504,86e469f546d0dc8633a26cf3963796e9eabed29c2917311a7aaf0b5a11d74066,940,must_match,file
eia_gasoline,eia_weekly_regular_2023-01-02_2024-03-31.json,https://api.eia.gov/v2/petroleum/pri/gnd/data/,"{""data[0]"": ""value"", ""end"": ""2024-03-31"", ""facets[series][]"": [""EMM_EPMR_PTE_R1Y_DPG"", ""EMM_EPMR_PTE_SNY_DPG""], ""frequency"": ""weekly"", ""length"": 5000, ""sort[0][column]"": ""period"", ""sort[0][direction]"": ""asc"", ""sort[1][column]"": ""series"", ""sort[1][direction]"": ""asc"", ""start"": ""2023-01-02""}",2026-10-09T12:25:23+00:00,49584,d62225d50337edff1f0ce25d83f88bfc2aee1b43e5ecb7c8c5c45e7062345c5d,130,must_match,file
nyserda_gasoline,nyserda_gasoline_export.csv,https://data.ny.gov/api/views/nqur-w4p7/rows.csv?accessType=DOWNLOAD,{},2026-10-09T11:56:00+00:00,49103,fdb467021b977387690c619901d0c46334c265efddea4e0127e03169fd0a9e95,507,informational,file
nyserda_gasoline,nyserda_gasoline_through_2024-03-31.csv,https://data.ny.gov/api/views/nqur-w4p7/rows.csv?accessType=DOWNLOAD,"{""derived_from"": ""nyserda_gasoline_export.csv"", ""weeks_on_or_before"": ""2024-03-31""}",2026-10-09T12:19:26+00:00,36719,b4e0f6a92c16c7d989d55ada8a2768ae212d327e386910131c093620040c998a,378,must_match,file
nyserda_gasoline,nyserda_gasoline_through_2025-12-31.csv,https://data.ny.gov/api/views/nqur-w4p7/rows.csv?accessType=DOWNLOAD,"{""derived_from"": ""nyserda_gasoline_export.csv"", ""weeks_on_or_before"": ""2025-12-31""}",2026-10-09T12:16:01+00:00,45455,479a56a75d41478bed00be5236d00c5090f5af81233520781a41f6859d794819,469,must_match,file
open_meteo,weather_albany_2016-12-19_2025-12-31.json,https://archive-api.open-meteo.com/v1/archive,"{""daily"": ""temperature_2m_max,temperature_2m_min,temperature_2m_mean,precipitation_sum,snowfall_sum,wind_speed_10m_max"", ""end_date"": ""2025-12-31"", ""latitude"": 42.65258, ""longitude"": -73.75623, ""models"": ""era5"", ""start_date"": ""2016-12-19"", ""timezone"": ""America/New_York""}",2026-10-09T12:22:28+00:00,156383,9dadd3da01927819a5eb3a7e2fdb498402342c73bcc246f06f67c46cbcd2d6e2,3300,must_match,file
open_meteo,weather_albany_2022-12-19_2024-03-31.json,https://archive-api.open-meteo.com/v1/archive,"{""daily"": ""temperature_2m_max,temperature_2m_min,temperature_2m_mean,precipitation_sum,snowfall_sum,wind_speed_10m_max"", ""end_date"": ""2024-03-31"", ""latitude"": 42.65258, ""longitude"": -73.75623, ""models"": ""era5"", ""start_date"": ""2022-12-19"", ""timezone"": ""America/New_York""}",2026-10-09T12:25:29+00:00,22494,19c9439abd621ba7faaba3253a5ae506f276edcab21f63a3a26502f1f7076d71,469,must_match,file
open_meteo,weather_batavia_2016-12-19_2025-12-31.json,https://archive-api.open-meteo.com/v1/archive,"{""daily"": ""temperature_2m_max,temperature_2m_min,temperature_2m_mean,precipitation_sum,snowfall_sum,wind_speed_10m_max"", ""end_date"": ""2025-12-31"", ""latitude"": 42.99812, ""longitude"": -78.18752, ""models"": ""era5"", ""start_date"": ""2016-12-19"", ""timezone"": ""America/New_York""}",2026-10-09T12:22:29+00:00,156947,a0b194ce561bd2203bbbb68adc48fc3a845be3c0d29afe9fa1dca2d664d68782,3300,must_match,file
open_meteo,weather_batavia_2022-12-19_2024-03-31.json,https://archive-api.open-meteo.com/v1/archive,"{""daily"": ""temperature_2m_max,temperature_2m_min,temperature_2m_mean,precipitation_sum,snowfall_sum,wind_speed_10m_max"", ""end_date"": ""2024-03-31"", ""latitude"": 42.99812, ""longitude"": -78.18752, ""models"": ""era5"", ""start_date"": ""2022-12-19"", ""timezone"": ""America/New_York""}",2026-10-09T12:25:30+00:00,22584,8ef34cd07fb0a363ffea0eb8622450c5a140f609f115ffa5d8c91bb5e5bf2e8b,469,must_match,file
open_meteo,weather_binghamton_2016-12-19_2025-12-31.json,https://archive-api.open-meteo.com/v1/archive,"{""daily"": ""temperature_2m_max,temperature_2m_min,temperature_2m_mean,precipitation_sum,snowfall_sum,wind_speed_10m_max"", ""end_date"": ""2025-12-31"", ""latitude"": 42.09869, ""longitude"": -75.91797, ""models"": ""era5"", ""start_date"": ""2016-12-19"", ""timezone"": ""America/New_York""}",2026-10-09T12:22:30+00:00,156608,a98efcd2f29feffc8cfb6e6b73a958667a7d5337819a2c1f3d6f90783889217c,3300,must_match,file
open_meteo,weather_binghamton_2022-12-19_2024-03-31.json,https://archive-api.open-meteo.com/v1/archive,"{""daily"": ""temperature_2m_max,temperature_2m_min,temperature_2m_mean,precipitation_sum,snowfall_sum,wind_speed_10m_max"", ""end_date"": ""2024-03-31"", ""latitude"": 42.09869, ""longitude"": -75.91797, ""models"": ""era5"", ""start_date"": ""2022-12-19"", ""timezone"": ""America/New_York""}",2026-10-09T12:25:30+00:00,22515,ac0b6702c423855e4d6faea7fa4767ba0002c7a38e6bc0c1a09f74d833b952d3,469,must_match,file
open_meteo,weather_buffalo_2016-12-19_2025-12-31.json,https://archive-api.open-meteo.com/v1/archive,"{""daily"": ""temperature_2m_max,temperature_2m_min,temperature_2m_mean,precipitation_sum,snowfall_sum,wind_speed_10m_max"", ""end_date"": ""2025-12-31"", ""latitude"": 42.88645, ""longitude"": -78.87837, ""models"": ""era5"", ""start_date"": ""2016-12-19"", ""timezone"": ""America/New_York""}",2026-10-09T12:22:30+00:00,156513,893e3e0ad10120f2e97a6ae10e1dfa2943dc5f417de3e63bd930acba896353e1,3300,must_match,file
open_meteo,weather_buffalo_2022-12-19_2024-03-31.json,https://archive-api.open-meteo.com/v1/archive,"{""daily"": ""temperature_2m_max,temperature_2m_min,temperature_2m_mean,precipitation_sum,snowfall_sum,wind_speed_10m_max"", ""end_date"": ""2024-03-31"", ""latitude"": 42.88645, ""longitude"": -78.87837, ""models"": ""era5"", ""start_date"": ""2022-12-19"", ""timezone"": ""America/New_York""}",2026-10-09T12:25:30+00:00,22512,a4919d40eb877efa74ea581eeeb75cc4a069f832cd03bd9d71d1c02694fae323,469,must_match,file
open_meteo,weather_dutchess_2016-12-19_2025-12-31.json,https://archive-api.open-meteo.com/v1/archive,"{""daily"": ""temperature_2m_max,temperature_2m_min,temperature_2m_mean,precipitation_sum,snowfall_sum,wind_speed_10m_max"", ""end_date"": ""2025-12-31"", ""latitude"": 41.70037, ""longitude"": -73.92097, ""models"": ""era5"", ""start_date"": ""2016-12-19"", ""timezone"": ""America/New_York""}",2026-10-09T12:22:30+00:00,155892,fac1766c4d1b567ebf162a1a038cf23a7ca960a9fd8f433c976227829b9ebb31,3300,must_match,file
open_meteo,weather_dutchess_2022-12-19_2024-03-31.json,https://archive-api.open-meteo.com/v1/archive,"{""daily"": ""temperature_2m_max,temperature_2m_min,temperature_2m_mean,precipitation_sum,snowfall_sum,wind_speed_10m_max"", ""end_date"": ""2024-03-31"", ""latitude"": 41.70037, ""longitude"": -73.92097, ""models"": ""era5"", ""start_date"": ""2022-12-19"", ""timezone"": ""America/New_York""}",2026-10-09T12:25:31+00:00,22411,6972ca39f73bcfb0687fa4e9ccfb6a91484da4e659ab64cc3197ea0cca466330,469,must_match,file
open_meteo,weather_elmira_2016-12-19_2025-12-31.json,https://archive-api.open-meteo.com/v1/archive,"{""daily"": ""temperature_2m_max,temperature_2m_min,temperature_2m_mean,precipitation_sum,snowfall_sum,wind_speed_10m_max"", ""end_date"": ""2025-12-31"", ""latitude"": 42.0898, ""longitude"": -76.80773, ""models"": ""era5"", ""start_date"": ""2016-12-19"", ""timezone"": ""America/New_York""}",2026-10-09T12:23:32+00:00,156480,dae8b2d6c69750ca89e4484d14c752c11c01d009c9e13b923e1202522cd100cf,3300,must_match,file
open_meteo,weather_elmira_2022-12-19_2024-03-31.json,https://archive-api.open-meteo.com/v1/archive,"{""daily"": ""temperature_2m_max,temperature_2m_min,temperature_2m_mean,precipitation_sum,snowfall_sum,wind_speed_10m_max"", ""end_date"": ""2024-03-31"", ""latitude"": 42.0898, ""longitude"": -76.80773, ""models"": ""era5"", ""start_date"": ""2022-12-19"", ""timezone"": ""America/New_York""}",2026-10-09T12:25:31+00:00,22508,0fcf35e7b9cb428e0dc1a62bcb4108a74eebc1fab83b15c7da8097216002a167,469,must_match,file
open_meteo,weather_glens_falls_2016-12-19_2025-12-31.json,https://archive-api.open-meteo.com/v1/archive,"{""daily"": ""temperature_2m_max,temperature_2m_min,temperature_2m_mean,precipitation_sum,snowfall_sum,wind_speed_10m_max"", ""end_date"": ""2025-12-31"", ""latitude"": 43.30952, ""longitude"": -73.64401, ""models"": ""era5"", ""start_date"": ""2016-12-19"", ""timezone"": ""America/New_York""}",2026-10-09T12:23:33+00:00,156616,5b94acf53e2755de36ea0621041bdb35f772a099adc806fbca3c957975b111e4,3300,must_match,file
open_meteo,weather_glens_falls_2022-12-19_2024-03-31.json,https://archive-api.open-meteo.com/v1/archive,"{""daily"": ""temperature_2m_max,temperature_2m_min,temperature_2m_mean,precipitation_sum,snowfall_sum,wind_speed_10m_max"", ""end_date"": ""2024-03-31"", ""latitude"": 43.30952, ""longitude"": -73.64401, ""models"": ""era5"", ""start_date"": ""2022-12-19"", ""timezone"": ""America/New_York""}",2026-10-09T12:25:31+00:00,22546,fbfd2214e9b86d25750397648cfb7de96288f7ae46faf6d9201502fc4ead0546,469,must_match,file
open_meteo,weather_ithaca_2016-12-19_2025-12-31.json,https://archive-api.open-meteo.com/v1/archive,"{""daily"": ""temperature_2m_max,temperature_2m_min,temperature_2m_mean,precipitation_sum,snowfall_sum,wind_speed_10m_max"", ""end_date"": ""2025-12-31"", ""latitude"": 42.44063, ""longitude"": -76.49661, ""models"": ""era5"", ""start_date"": ""2016-12-19"", ""timezone"": ""America/New_York""}",2026-10-09T12:23:34+00:00,156729,6935737f2e3bf1e1e3cdd88c0845f6b44e2323f0fc86df58a30de473f8001141,3300,must_match,file
open_meteo,weather_ithaca_2022-12-19_2024-03-31.json,https://archive-api.open-meteo.com/v1/archive,"{""daily"": ""temperature_2m_max,temperature_2m_min,temperature_2m_mean,precipitation_sum,snowfall_sum,wind_speed_10m_max"", ""end_date"": ""2024-03-31"", ""latitude"": 42.44063, ""longitude"": -76.49661, ""models"": ""era5"", ""start_date"": ""2022-12-19"", ""timezone"": ""America/New_York""}",2026-10-09T12:25:32+00:00,22548,149f2c173e4b308ed3cafa99ebb8296d772e254e39daf95d0dadfdbda72d00f9,469,must_match,file
open_meteo,weather_kingston_2016-12-19_2025-12-31.json,https://archive-api.open-meteo.com/v1/archive,"{""daily"": ""temperature_2m_max,temperature_2m_min,temperature_2m_mean,precipitation_sum,snowfall_sum,wind_speed_10m_max"", ""end_date"": ""2025-12-31"", ""latitude"": 41.92704, ""longitude"": -73.99736, ""models"": ""era5"", ""start_date"": ""2016-12-19"", ""timezone"": ""America/New_York""}",2026-10-09T12:23:35+00:00,155938,f68b75f97914df7d397765eee689fa5ff5d0b88fd5074f3e06d2536baaf3d7cf,3300,must_match,file
open_meteo,weather_kingston_2022-12-19_2024-03-31.json,https://archive-api.open-meteo.com/v1/archive,"{""daily"": ""temperature_2m_max,temperature_2m_min,temperature_2m_mean,precipitation_sum,snowfall_sum,wind_speed_10m_max"", ""end_date"": ""2024-03-31"", ""latitude"": 41.92704, ""longitude"": -73.99736, ""models"": ""era5"", ""start_date"": ""2022-12-19"", ""timezone"": ""America/New_York""}",2026-10-09T14:26:11+00:00,22404,a5987a3642fafe5708621a67c920c2a53aefa2a0a07411729ee43469b38fab45,469,must_match,file
open_meteo,weather_nassau_2016-12-19_2025-12-31.json,https://archive-api.open-meteo.com/v1/archive,"{""daily"": ""temperature_2m_max,temperature_2m_min,temperature_2m_mean,precipitation_sum,snowfall_sum,wind_speed_10m_max"", ""end_date"": ""2025-12-31"", ""latitude"": 40.74927, ""longitude"": -73.64068, ""models"": ""era5"", ""start_date"": ""2016-12-19"", ""timezone"": ""America/New_York""}",2026-10-09T12:23:37+00:00,156250,e00d80ee2a6458d8ec38b0a2b5e5359a6fe79a83f915434694c7d7d61c1171bf,3300,must_match,file
open_meteo,weather_nassau_2022-12-19_2024-03-31.json,https://archive-api.open-meteo.com/v1/archive,"{""daily"": ""temperature_2m_max,temperature_2m_min,temperature_2m_mean,precipitation_sum,snowfall_sum,wind_speed_10m_max"", ""end_date"": ""2024-03-31"", ""latitude"": 40.74927, ""longitude"": -73.64068, ""models"": ""era5"", ""start_date"": ""2022-12-19"", ""timezone"": ""America/New_York""}",2026-10-09T14:26:11+00:00,22462,b724abe656c7aeccb54465703a2fce9eaece80b898b502cf7db2b85aa058a79e,469,must_match,file
open_meteo,weather_new_york_city_2016-12-19_2025-12-31.json,https://archive-api.open-meteo.com/v1/archive,"{""daily"": ""temperature_2m_max,temperature_2m_min,temperature_2m_mean,precipitation_sum,snowfall_sum,wind_speed_10m_max"", ""end_date"": ""2025-12-31"", ""latitude"": 40.71427, ""longitude"": -74.00597, ""models"": ""era5"", ""start_date"": ""2016-12-19"", ""timezone"": ""America/New_York""}",2026-10-09T12:24:07+00:00,156137,6ccad547b108793423212c9d7029aaf27cd975dd0252879ffbaf4f6d4d9dd958,3300,must_match,file
open_meteo,weather_new_york_city_2022-12-19_2024-03-31.json,https://archive-api.open-meteo.com/v1/archive,"{""daily"": ""temperature_2m_max,temperature_2m_min,temperature_2m_mean,precipitation_sum,snowfall_sum,wind_speed_10m_max"", ""end_date"": ""2024-03-31"", ""latitude"": 40.71427, ""longitude"": -74.00597, ""models"": ""era5"", ""start_date"": ""2022-12-19"", ""timezone"": ""America/New_York""}",2026-10-09T14:26:11+00:00,22450,06224c873da65716c245ab12419167be05c9cb3ba9c31a7f0d78a50fe6db4565,469,must_match,file
open_meteo,weather_rochester_2016-12-19_2025-12-31.json,https://archive-api.open-meteo.com/v1/archive,"{""daily"": ""temperature_2m_max,temperature_2m_min,temperature_2m_mean,precipitation_sum,snowfall_sum,wind_speed_10m_max"", ""end_date"": ""2025-12-31"", ""latitude"": 43.15478, ""longitude"": -77.61556, ""models"": ""era5"", ""start_date"": ""2016-12-19"", ""timezone"": ""America/New_York""}",2026-10-09T12:24:08+00:00,156534,dbe2c043116686a8203bbe779753318993452c01899b1108db735f07a5444eb4,3300,must_match,file
open_meteo,weather_rochester_2022-12-19_2024-03-31.json,https://archive-api.open-meteo.com/v1/archive,"{""daily"": ""temperature_2m_max,temperature_2m_min,temperature_2m_mean,precipitation_sum,snowfall_sum,wind_speed_10m_max"", ""end_date"": ""2024-03-31"", ""latitude"": 43.15478, ""longitude"": -77.61556, ""models"": ""era5"", ""start_date"": ""2022-12-19"", ""timezone"": ""America/New_York""}",2026-10-09T14:26:12+00:00,22522,be1bddcc092cfe4ca60ee3c1d0c67ff20042086a7ecb73b45c61e07db80824d3,469,must_match,file
open_meteo,weather_syracuse_2016-12-19_2025-12-31.json,https://archive-api.open-meteo.com/v1/archive,"{""daily"": ""temperature_2m_max,temperature_2m_min,temperature_2m_mean,precipitation_sum,snowfall_sum,wind_speed_10m_max"", ""end_date"": ""2025-12-31"", ""latitude"": 43.04812, ""longitude"": -76.14742, ""models"": ""era5"", ""start_date"": ""2016-12-19"", ""timezone"": ""America/New_York""}",2026-10-09T12:24:09+00:00,156917,9153195b19e502cb9934a0ccdfdfd6517e61f5768c832961f5dd562af6da8582,3300,must_match,file
open_meteo,weather_syracuse_2022-12-19_2024-03-31.json,https://archive-api.open-meteo.com/v1/archive,"{""daily"": ""temperature_2m_max,temperature_2m_min,temperature_2m_mean,precipitation_sum,snowfall_sum,wind_speed_10m_max"", ""end_date"": ""2024-03-31"", ""latitude"": 43.04812, ""longitude"": -76.14742, ""models"": ""era5"", ""start_date"": ""2022-12-19"", ""timezone"": ""America/New_York""}",2026-10-09T14:26:12+00:00,22589,4968e219a79dac53d4b2a964243f166c23a60c716812f9f44890bacf15ceb315,469,must_match,file
open_meteo,weather_utica_2016-12-19_2025-12-31.json,https://archive-api.open-meteo.com/v1/archive,"{""daily"": ""temperature_2m_max,temperature_2m_min,temperature_2m_mean,precipitation_sum,snowfall_sum,wind_speed_10m_max"", ""end_date"": ""2025-12-31"", ""latitude"": 43.1009, ""longitude"": -75.23266, ""models"": ""era5"", ""start_date"": ""2016-12-19"", ""timezone"": ""America/New_York""}",2026-10-09T12:24:09+00:00,157084,8363bba808bedd074a20d9fda3598b9c0818afc3a56c5fa70223644d00b692b4,3300,must_match,file
open_meteo,weather_utica_2022-12-19_2024-03-31.json,https://archive-api.open-meteo.com/v1/archive,"{""daily"": ""temperature_2m_max,temperature_2m_min,temperature_2m_mean,precipitation_sum,snowfall_sum,wind_speed_10m_max"", ""end_date"": ""2024-03-31"", ""latitude"": 43.1009, ""longitude"": -75.23266, ""models"": ""era5"", ""start_date"": ""2022-12-19"", ""timezone"": ""America/New_York""}",2026-10-09T14:26:12+00:00,22611,292a82f58a06db8b41d1a4e09287cef6bba2a266764690f47dae4157551bb40d,469,must_match,file
open_meteo,weather_watertown_2016-12-19_2025-12-31.json,https://archive-api.open-meteo.com/v1/archive,"{""daily"": ""temperature_2m_max,temperature_2m_min,temperature_2m_mean,precipitation_sum,snowfall_sum,wind_speed_10m_max"", ""end_date"": ""2025-12-31"", ""latitude"": 43.97478, ""longitude"": -75.91076, ""models"": ""era5"", ""start_date"": ""2016-12-19"", ""timezone"": ""America/New_York""}",2026-10-09T12:24:10+00:00,157107,a3204b2a39d6dae2a2c33d25a0622918206fb5c4de8079de5f3f4f796643175f,3300,must_match,file
open_meteo,weather_watertown_2022-12-19_2024-03-31.json,https://archive-api.open-meteo.com/v1/archive,"{""daily"": ""temperature_2m_max,temperature_2m_min,temperature_2m_mean,precipitation_sum,snowfall_sum,wind_speed_10m_max"", ""end_date"": ""2024-03-31"", ""latitude"": 43.97478, ""longitude"": -75.91076, ""models"": ""era5"", ""start_date"": ""2022-12-19"", ""timezone"": ""America/New_York""}",2026-10-09T14:26:13+00:00,22623,b80eb8f067e1ec83e202b7fcca4cac3ad1350b08650ed68735b9ae01a2e1d0d4,469,must_match,file
open_meteo,weather_white_plains_2016-12-19_2025-12-31.json,https://archive-api.open-meteo.com/v1/archive,"{""daily"": ""temperature_2m_max,temperature_2m_min,temperature_2m_mean,precipitation_sum,snowfall_sum,wind_speed_10m_max"", ""end_date"": ""2025-12-31"", ""latitude"": 41.03399, ""longitude"": -73.76291, ""models"": ""era5"", ""start_date"": ""2016-12-19"", ""timezone"": ""America/New_York""}",2026-10-09T12:25:13+00:00,156128,acb9b0a811a2e7041db73e1ba96284b566ec501be52322925681fb1ec491ce30,3300,must_match,file
open_meteo,weather_white_plains_2022-12-19_2024-03-31.json,https://archive-api.open-meteo.com/v1/archive,"{""daily"": ""temperature_2m_max,temperature_2m_min,temperature_2m_mean,precipitation_sum,snowfall_sum,wind_speed_10m_max"", ""end_date"": ""2024-03-31"", ""latitude"": 41.03399, ""longitude"": -73.76291, ""models"": ""era5"", ""start_date"": ""2022-12-19"", ""timezone"": ""America/New_York""}",2026-10-09T14:26:13+00:00,22457,b60311e121810b5944c8f2dff0a6c5f1516595a7f4484bbfbd3b1c357ab6486e,469,must_match,file
taxi_zone_lookup,taxi_zone_lookup.csv,https://d37ci6vzurychx.cloudfront.net/misc/taxi_zone_lookup.csv,{},2026-10-09T11:56:29+00:00,12331,1a99e105092230f8620f301edcca7f80d3080642ff404d28ed957d3fa222c8ed,265,must_match,file
yellow_taxi,yellow_tripdata_2017-01.parquet,https://d37ci6vzurychx.cloudfront.net/trip-data/yellow_tripdata_2017-01.parquet,{},2026-10-09T15:48:25+00:00,134830009,6de95f9858b36460f04233ab623735745aff8aba8037b6c5ec8c6424be6d32a1,9710820,must_match,aggregate_only
yellow_taxi,yellow_tripdata_2017-02.parquet,https://d37ci6vzurychx.cloudfront.net/trip-data/yellow_tripdata_2017-02.parquet,{},2026-10-09T15:49:29+00:00,127643793,8399aceddf1962f95dbd5a2f8501782818f820a4f676676d06157712e57246f2,9169775,must_match,aggregate_only
yellow_taxi,yellow_tripdata_2017-03.parquet,https://d37ci6vzurychx.cloudfront.net/trip-data/yellow_tripdata_2017-03.parquet,{},2026-10-09T15:50:28+00:00,144578214,90d5f4150772fef9666481571d0772f606140b109053805449f644241c6e7a54,10295441,must_match,aggregate_only
yellow_taxi,yellow_tripdata_2017-04.parquet,https://d37ci6vzurychx.cloudfront.net/trip-data/yellow_tripdata_2017-04.parquet,{},2026-10-09T15:51:30+00:00,141349194,f3bb3d5df13d484dcaab077f9082ec6cfc138fb685070232ce33131a0f006ecb,10047135,must_match,aggregate_only
yellow_taxi,yellow_tripdata_2017-05.parquet,https://d37ci6vzurychx.cloudfront.net/trip-data/yellow_tripdata_2017-05.parquet,{},2026-10-09T15:53:04+00:00,142379076,a62722a227d41aedd7fb5cd8fd064676c169cd5403db672b0fef77c40434927d,10102127,must_match,aggregate_only
yellow_taxi,yellow_tripdata_2017-06.parquet,https://d37ci6vzurychx.cloudfront.net/trip-data/yellow_tripdata_2017-06.parquet,{},2026-10-09T15:53:45+00:00,135482101,6c7e893253f8525419d3e2d3a3f2dd18b23a16293d4e50b8d7812f44e02daa3e,9656993,must_match,aggregate_only
yellow_taxi,yellow_tripdata_2017-07.parquet,https://d37ci6vzurychx.cloudfront.net/trip-data/yellow_tripdata_2017-07.parquet,{},2026-10-09T15:55:14+00:00,120841535,0930b55a19f2106ef5beaa054d7f1407c7226e0d9ec0daac47e24ab864eaff46,8588486,must_match,aggregate_only
yellow_taxi,yellow_tripdata_2017-08.parquet,https://d37ci6vzurychx.cloudfront.net/trip-data/yellow_tripdata_2017-08.parquet,{},2026-10-09T15:56:07+00:00,118622365,0b51582b3c72c551b3395ec6faea13e362fc821bd15b3ed96068e74ee2db6f94,8422153,must_match,aggregate_only
yellow_taxi,yellow_tripdata_2017-09.parquet,https://d37ci6vzurychx.cloudfront.net/trip-data/yellow_tripdata_2017-09.parquet,{},2026-10-09T15:57:02+00:00,126899296,5d780bd3e40a0480cc607d881cc6f790170abf5a7b152ecdb8909fa3a8df4980,8945421,must_match,aggregate_only
yellow_taxi,yellow_tripdata_2017-10.parquet,https://d37ci6vzurychx.cloudfront.net/trip-data/yellow_tripdata_2017-10.parquet,{},2026-10-09T15:58:02+00:00,136742510,202444e5b9df58f4b3ef4e674330cb8f3fd8f9061476a5da25e116a42da07341,9768672,must_match,aggregate_only
yellow_taxi,yellow_tripdata_2017-11.parquet,https://d37ci6vzurychx.cloudfront.net/trip-data/yellow_tripdata_2017-11.parquet,{},2026-10-09T15:58:38+00:00,131062706,f48bafec63e05b725eb97e462e20e4a46a37ca8be1c612869f2cd26c4e90e074,9284803,must_match,aggregate_only
yellow_taxi,yellow_tripdata_2017-12.parquet,https://d37ci6vzurychx.cloudfront.net/trip-data/yellow_tripdata_2017-12.parquet,{},2026-10-09T15:59:33+00:00,134255377,82582a65695eaab8a9b5157cdf10ab09675cb236a7ec9873a85e4242d5be0111,9508501,must_match,aggregate_only
yellow_taxi,yellow_tripdata_2018-01.parquet,https://d37ci6vzurychx.cloudfront.net/trip-data/yellow_tripdata_2018-01.parquet,{},2026-10-09T16:01:40+00:00,123668517,59525f38749ea9b53b99e247521de829debb2d40f4c82b7c7bdf43a48ddda64d,8760687,must_match,aggregate_only
yellow_taxi,yellow_tripdata_2018-02.parquet,https://d37ci6vzurychx.cloudfront.net/trip-data/yellow_tripdata_2018-02.parquet,{},2026-10-09T16:03:24+00:00,119455285,ee821084c4f3c8fc4871748682ecd25ca37ff61b8220c5c6f94f2c017d5abe27,8492819,must_match,aggregate_only
yellow_taxi,yellow_tripdata_2018-03.parquet,https://d37ci6vzurychx.cloudfront.net/trip-data/yellow_tripdata_2018-03.parquet,{},2026-10-09T16:06:46+00:00,133552006,75f04aa5ecb2cb3ae496851c74084e6f8a8b4c9308884d7c1fb0f99fe49c0d00,9431289,must_match,aggregate_only
yellow_taxi,yellow_tripdata_2018-04.parquet,https://d37ci6vzurychx.cloudfront.net/trip-data/yellow_tripdata_2018-04.parquet,{},2026-10-09T16:08:12+00:00,131609714,4fd9ebb43a909d8184138aa04aeb7ab3666160e9d26b545a0f7dfcd26e989283,9306216,must_match,aggregate_only
yellow_taxi,yellow_tripdata_2018-05.parquet,https://d37ci6vzurychx.cloudfront.net/trip-data/yellow_tripdata_2018-05.parquet,{},2026-10-09T16:08:57+00:00,130850283,220b0f27ff32713f84609ec2132bcf78ad38ed7830c05aceaa489c8f686d555f,9224788,must_match,aggregate_only
yellow_taxi,yellow_tripdata_2018-06.parquet,https://d37ci6vzurychx.cloudfront.net/trip-data/yellow_tripdata_2018-06.parquet,{},2026-10-09T16:09:45+00:00,124189362,5a75935b586fc5c2c4be6d527d40cc4cfc2b81be583d708cb56121426b038d60,8714667,must_match,aggregate_only
yellow_taxi,yellow_tripdata_2018-07.parquet,https://d37ci6vzurychx.cloudfront.net/trip-data/yellow_tripdata_2018-07.parquet,{},2026-10-09T16:10:28+00:00,112244445,ac98843656778bc41f9bc4f8a46f25d838efe9bf1337a9ab9a7fd7b608dd6706,7851143,must_match,aggregate_only
yellow_taxi,yellow_tripdata_2018-08.parquet,https://d37ci6vzurychx.cloudfront.net/trip-data/yellow_tripdata_2018-08.parquet,{},2026-10-09T16:11:30+00:00,111426538,f004075000aa8c07c30b59ee8e2f49588b7de6bb30aeee1fce2372bd6fd3828f,7855040,must_match,aggregate_only
yellow_taxi,yellow_tripdata_2018-09.parquet,https://d37ci6vzurychx.cloudfront.net/trip-data/yellow_tripdata_2018-09.parquet,{},2026-10-09T16:12:31+00:00,115505387,2aaa225eabc19df3bb19d103743b640358a414d2feb742e8fc087b2c9db0517f,8049094,must_match,aggregate_only
yellow_taxi,yellow_tripdata_2018-10.parquet,https://d37ci6vzurychx.cloudfront.net/trip-data/yellow_tripdata_2018-10.parquet,{},2026-10-09T16:13:36+00:00,126899602,2f7ed29b35e82065a04331280c3280d0f53218e24f07047d8c15c68e7008a785,8834520,must_match,aggregate_only
yellow_taxi,yellow_tripdata_2018-11.parquet,https://d37ci6vzurychx.cloudfront.net/trip-data/yellow_tripdata_2018-11.parquet,{},2026-10-09T16:15:13+00:00,117170616,a543ce64f529e8d95e7f30fb93ab95600ff6325e4498d8d4fcb2f0858b92edd5,8155449,must_match,aggregate_only
yellow_taxi,yellow_tripdata_2018-12.parquet,https://d37ci6vzurychx.cloudfront.net/trip-data/yellow_tripdata_2018-12.parquet,{},2026-10-09T16:16:36+00:00,117845011,b6a1f1e049e85f22cb44a72c42d82e1f557140dcfa33337fadfd8e2a8666ee15,8195675,must_match,aggregate_only
yellow_taxi,yellow_tripdata_2019-01.parquet,https://d37ci6vzurychx.cloudfront.net/trip-data/yellow_tripdata_2019-01.parquet,{},2026-10-09T16:17:29+00:00,110439634,3ad95f39714bfc9864219e69e577f119925c6ba32d384ac68d40bdad1dc7726d,7696617,must_match,aggregate_only
yellow_taxi,yellow_tripdata_2019-02.parquet,https://d37ci6vzurychx.cloudfront.net/trip-data/yellow_tripdata_2019-02.parquet,{},2026-10-09T16:18:23+00:00,103356025,d20a9e3edf838017ae641e664da085564341c729aed2ee05c7631c74dccf761a,7049370,must_match,aggregate_only
yellow_taxi,yellow_tripdata_2019-03.parquet,https://d37ci6vzurychx.cloudfront.net/trip-data/yellow_tripdata_2019-03.parquet,{},2026-10-09T16:19:23+00:00,116017372,6883b45b3c1a8908346334b6143804f9dab4a223a72b3b9e3140ef0239920978,7866620,must_match,aggregate_only
yellow_taxi,yellow_tripdata_2019-04.parquet,https://d37ci6vzurychx.cloudfront.net/trip-data/yellow_tripdata_2019-04.parquet,{},2026-10-09T16:20:26+00:00,110139137,0903fb6c20ef49f1bc1238ac5e7ea00d963477b14cf62f2440c090ac920d8013,7475949,must_match,aggregate_only
yellow_taxi,yellow_tripdata_2019-05.parquet,https://d37ci6vzurychx.cloudfront.net/trip-data/yellow_tripdata_2019-05.parquet,{},2026-10-09T16:21:18+00:00,111478943,6001f518a5871ec7e85b856075cab5b41a76791b2e6adced7e299cf26d125daa,7598445,must_match,aggregate_only
yellow_taxi,yellow_tripdata_2019-06.parquet,https://d37ci6vzurychx.cloudfront.net/trip-data/yellow_tripdata_2019-06.parquet,{},2026-10-09T16:21:56+00:00,102903344,acc434ffb54b70cbba1319f31f1a38584d9d4e8863fbbeaa4944bb577dfdf5cc,6971560,must_match,aggregate_only
yellow_taxi,yellow_tripdata_2019-07.parquet,https://d37ci6vzurychx.cloudfront.net/trip-data/yellow_tripdata_2019-07.parquet,{},2026-10-09T16:22:28+00:00,93877343,f4136f0df68a90415ca42c48956db12d82b957f0a941145c2bf7346053a564e4,6310419,must_match,aggregate_only
yellow_taxi,yellow_tripdata_2019-08.parquet,https://d37ci6vzurychx.cloudfront.net/trip-data/yellow_tripdata_2019-08.parquet,{},2026-10-09T16:23:08+00:00,89999675,2f7cae03501aedc96b8534034509f40b61d1ce93a0957f2ab4e2f32295665a67,6073357,must_match,aggregate_only
yellow_taxi,yellow_tripdata_2019-09.parquet,https://d37ci6vzurychx.cloudfront.net/trip-data/yellow_tripdata_2019-09.parquet,{},2026-10-09T16:23:40+00:00,97110325,61fec423071ca0b3cf6b97cd2a51d3b8cca897acfdc4bc9b4518320bcf847861,6567788,must_match,aggregate_only
yellow_taxi,yellow_tripdata_2019-10.parquet,https://d37ci6vzurychx.cloudfront.net/trip-data/yellow_tripdata_2019-10.parquet,{},2026-10-09T16:24:15+00:00,106293373,7a29ec212d73381398ef94d1ad3ba3963d157e57d2373dad0345981223c248fd,7213891,must_match,aggregate_only
yellow_taxi,yellow_tripdata_2019-11.parquet,https://d37ci6vzurychx.cloudfront.net/trip-data/yellow_tripdata_2019-11.parquet,{},2026-10-09T16:25:14+00:00,100872983,2187309e5b5f73aad224facf1e1f97b3120039a3cffceaf569b49b81ae30b004,6878111,must_match,aggregate_only
yellow_taxi,yellow_tripdata_2019-12.parquet,https://d37ci6vzurychx.cloudfront.net/trip-data/yellow_tripdata_2019-12.parquet,{},2026-10-09T16:26:26+00:00,101044777,fbf893219b1ddefd5113609c63600cff1f48fc4c5ded05113eb19a435cc16c48,6896317,must_match,aggregate_only
yellow_taxi,yellow_tripdata_2020-01.parquet,https://d37ci6vzurychx.cloudfront.net/trip-data/yellow_tripdata_2020-01.parquet,{},2026-10-09T16:27:15+00:00,93562858,0c32c1d5ef0d37ac3ff1a3f1880f247cc40165edf18626e5a86866296a4a5b93,6405008,must_match,aggregate_only
yellow_taxi,yellow_tripdata_2020-02.parquet,https://d37ci6vzurychx.cloudfront.net/trip-data/yellow_tripdata_2020-02.parquet,{},2026-10-09T16:27:51+00:00,92134881,e57df0e7c410c02d78cd59a31394a118f3d92c50560a2d8fa3a2bf5e17dcffaa,6299367,must_match,aggregate_only
yellow_taxi,yellow_tripdata_2020-03.parquet,https://d37ci6vzurychx.cloudfront.net/trip-data/yellow_tripdata_2020-03.parquet,{},2026-10-09T16:28:08+00:00,44442590,6fa1343946bc1e3702fc351ff9818787cc40e4cf2b095d947ff5e452b5b42f84,3007687,must_match,aggregate_only
yellow_taxi,yellow_tripdata_2020-04.parquet,https://d37ci6vzurychx.cloudfront.net/trip-data/yellow_tripdata_2020-04.parquet,{},2026-10-09T16:28:11+00:00,4442620,3104e1e5548ade630988a4a8b9ec76c51a057b88159f78676c7d344f48491450,238073,must_match,aggregate_only
yellow_taxi,yellow_tripdata_2020-05.parquet,https://d37ci6vzurychx.cloudfront.net/trip-data/yellow_tripdata_2020-05.parquet,{},2026-10-09T16:28:14+00:00,6229864,f6167e3c8f1039ec4015cb121e73f8e08710ad1681da747f2b5aa504008cf289,348415,must_match,aggregate_only
yellow_taxi,yellow_tripdata_2020-06.parquet,https://d37ci6vzurychx.cloudfront.net/trip-data/yellow_tripdata_2020-06.parquet,{},2026-10-09T16:28:19+00:00,9505358,1ad5d65c3951d9082ab5e24acca2235cc34f014a34b4225556cb9a885cb1101d,549797,must_match,aggregate_only
yellow_taxi,yellow_tripdata_2020-07.parquet,https://d37ci6vzurychx.cloudfront.net/trip-data/yellow_tripdata_2020-07.parquet,{},2026-10-09T16:28:24+00:00,13387778,14a450d61c1828a3e9f3f29e3e2594b4c0eb687cd2fb0e9eeb2e10dbed9e4eb2,800412,must_match,aggregate_only
yellow_taxi,yellow_tripdata_2020-08.parquet,https://d37ci6vzurychx.cloudfront.net/trip-data/yellow_tripdata_2020-08.parquet,{},2026-10-09T16:28:31+00:00,16601463,e1242bad250d52371f59dbe35e1925897dd6699a68130d69e49126b3e4ec8e86,1007286,must_match,aggregate_only
yellow_taxi,yellow_tripdata_2020-09.parquet,https://d37ci6vzurychx.cloudfront.net/trip-data/yellow_tripdata_2020-09.parquet,{},2026-10-09T16:28:39+00:00,21381938,353574457176ea1528ba1c07128fa90cf6594920b26bc79721dc844077696606,1341017,must_match,aggregate_only
yellow_taxi,yellow_tripdata_2020-10.parquet,https://d37ci6vzurychx.cloudfront.net/trip-data/yellow_tripdata_2020-10.parquet,{},2026-10-09T16:28:49+00:00,26306876,4e447b9c7cc6c48f6c0bf62ca93ef0051ff89b06d3d039a3c3489cf64a9c7e41,1681132,must_match,aggregate_only
yellow_taxi,yellow_tripdata_2020-11.parquet,https://d37ci6vzurychx.cloudfront.net/trip-data/yellow_tripdata_2020-11.parquet,{},2026-10-09T16:28:59+00:00,23583368,478716ac6420213ab45d9a1107fe5a1ba8c59de0e4bc27588b6f3b2079ad7210,1509000,must_match,aggregate_only
yellow_taxi,yellow_tripdata_2020-12.parquet,https://d37ci6vzurychx.cloudfront.net/trip-data/yellow_tripdata_2020-12.parquet,{},2026-10-09T16:29:10+00:00,23020036,b3e029240c4af3b8bc373169a7412150d5eb1721e2b8498975c13226dfd2bb55,1461898,must_match,aggregate_only
yellow_taxi,yellow_tripdata_2021-01.parquet,https://d37ci6vzurychx.cloudfront.net/trip-data/yellow_tripdata_2021-01.parquet,{},2026-10-09T16:29:22+00:00,21686067,66af41de61fcd2d86f8b3365576cc44486dba5559812d2a3ed334d76437422dd,1369769,must_match,aggregate_only
yellow_taxi,yellow_tripdata_2021-02.parquet,https://d37ci6vzurychx.cloudfront.net/trip-data/yellow_tripdata_2021-02.parquet,{},2026-10-09T16:29:34+00:00,21777258,3fb10e315a088b47c2321f930faecff92b24eb39e3ee64e69f546ce5dcf82aef,1371709,must_match,aggregate_only
yellow_taxi,yellow_tripdata_2021-03.parquet,https://d37ci6vzurychx.cloudfront.net/trip-data/yellow_tripdata_2021-03.parquet,{},2026-10-09T16:29:53+00:00,30007852,bbdabe927bc19c2fa3bf9ac4567cca5fa1231ac3cd0d9ecb16a98f1ba2a261ac,1925152,must_match,aggregate_only
yellow_taxi,yellow_tripdata_2021-04.parquet,https://d37ci6vzurychx.cloudfront.net/trip-data/yellow_tripdata_2021-04.parquet,{},2026-10-09T16:30:06+00:00,34018560,e09ae9aef913a5a2bab4bf9920e86d3c3ea228a09b264676606875be4ff6b901,2171187,must_match,aggregate_only
yellow_taxi,yellow_tripdata_2021-05.parquet,https://d37ci6vzurychx.cloudfront.net/trip-data/yellow_tripdata_2021-05.parquet,{},2026-10-09T16:30:26+00:00,38743682,c587064467c70699d11b5e29d106908a7cd880fdeaa289b328b27fe40f3b5a29,2507109,must_match,aggregate_only
yellow_taxi,yellow_tripdata_2021-06.parquet,https://d37ci6vzurychx.cloudfront.net/trip-data/yellow_tripdata_2021-06.parquet,{},2026-10-09T16:31:00+00:00,44071592,dfe2d5ea8414234d22858cc8d54fd8a3eb157eef1fb741eafed55a854dce0aec,2834264,must_match,aggregate_only
yellow_taxi,yellow_tripdata_2021-07.parquet,https://d37ci6vzurychx.cloudfront.net/trip-data/yellow_tripdata_2021-07.parquet,{},2026-10-09T16:31:31+00:00,43697690,14354e321ef5ded1c3419104ff9e63c512121c355b978b7f88a542722153b630,2821746,must_match,aggregate_only
yellow_taxi,yellow_tripdata_2021-08.parquet,https://d37ci6vzurychx.cloudfront.net/trip-data/yellow_tripdata_2021-08.parquet,{},2026-10-09T16:32:02+00:00,43425907,0983adfe5ba8729806807c337fb2f44f979d7682e57b5db0ad7dffbdcb6c7978,2788757,must_match,aggregate_only
yellow_taxi,yellow_tripdata_2021-09.parquet,https://d37ci6vzurychx.cloudfront.net/trip-data/yellow_tripdata_2021-09.parquet,{},2026-10-09T16:32:23+00:00,46125883,29bccb63f07d1441a2dd6f64b03ef731874ad79f0ebaeb912e39767850eb43ed,2963793,must_match,aggregate_only
yellow_taxi,yellow_tripdata_2021-10.parquet,https://d37ci6vzurychx.cloudfront.net/trip-data/yellow_tripdata_2021-10.parquet,{},2026-10-09T16:32:51+00:00,53286464,41f0f91ef3749ca467bb89b433fd82259e3527b8ade275a289c4960b39cc1ff6,3463504,must_match,aggregate_only
yellow_taxi,yellow_tripdata_2021-11.parquet,https://d37ci6vzurychx.cloudfront.net/trip-data/yellow_tripdata_2021-11.parquet,{},2026-10-09T16:33:38+00:00,53100722,dd13379e66178db0b872d7bcc418df40f1ca00ac1b3dafb02deb681e9be385b3,3472949,must_match,aggregate_only
yellow_taxi,yellow_tripdata_2021-12.parquet,https://d37ci6vzurychx.cloudfront.net/trip-data/yellow_tripdata_2021-12.parquet,{},2026-10-09T16:34:36+00:00,49639052,692ea4bb4a71bf361c51c6ccdf03c772e4c303400a105d63f2a9300b92f00473,3214369,must_match,aggregate_only
yellow_taxi,yellow_tripdata_2022-01.parquet,https://d37ci6vzurychx.cloudfront.net/trip-data/yellow_tripdata_2022-01.parquet,{},2026-10-09T16:35:07+00:00,38139949,797d6f008e67c3e3371b7f957ab97dbc2b38a9fb0ac083cb5eae4b0297b32372,2463931,must_match,aggregate_only
yellow_taxi,yellow_tripdata_2022-02.parquet,https://d37ci6vzurychx.cloudfront.net/trip-data/yellow_tripdata_2022-02.parquet,{},2026-10-09T16:35:37+00:00,45616512,9905ead83ac16ae4a2915cb44ab1edb9c53eb3ac5a77a71f2a2e3ba18d59efb4,2979431,must_match,aggregate_only
yellow_taxi,yellow_tripdata_2022-03.parquet,https://d37ci6vzurychx.cloudfront.net/trip-data/yellow_tripdata_2022-03.parquet,{},2026-10-09T16:36:17+00:00,55682369,b8b63566178c65da758cc292338ebc308534eb57607085fc67b2c939ae6035e3,3627882,must_match,aggregate_only
yellow_taxi,yellow_tripdata_2022-04.parquet,https://d37ci6vzurychx.cloudfront.net/trip-data/yellow_tripdata_2022-04.parquet,{},2026-10-09T16:36:39+00:00,55222692,8c4162f28244098bd40f150f5f639cc1f41673e0f0df47e6399d7d374c224049,3599920,must_match,aggregate_only
yellow_taxi,yellow_tripdata_2022-05.parquet,https://d37ci6vzurychx.cloudfront.net/trip-data/yellow_tripdata_2022-05.parquet,{},2026-10-09T16:37:02+00:00,55558821,6946b56ee057b72dced2204e0c10f2be2e1b7358c5b2c2943f88d2310089c43c,3588295,must_match,aggregate_only
yellow_taxi,yellow_tripdata_2022-06.parquet,https://d37ci6vzurychx.cloudfront.net/trip-data/yellow_tripdata_2022-06.parquet,{},2026-10-09T16:48:15+00:00,55365184,a08f27ea544a500a6e10637605e5906e246e2836435ba1c05a3a3521faf42389,3558124,must_match,aggregate_only
yellow_taxi,yellow_tripdata_2022-07.parquet,https://d37ci6vzurychx.cloudfront.net/trip-data/yellow_tripdata_2022-07.parquet,{},2026-10-09T16:48:59+00:00,49367712,5aa3c2a9deb55f09527e76e6f94a8185a4a04cd6361c8082ff6d6e64ab817d5b,3174394,must_match,aggregate_only
yellow_taxi,yellow_tripdata_2022-08.parquet,https://d37ci6vzurychx.cloudfront.net/trip-data/yellow_tripdata_2022-08.parquet,{},2026-10-09T16:49:33+00:00,49717159,7c2d8f6ad71d3b0e432a77553224ea69f473d0b8bdff24a5b11d289ac5388536,3152677,must_match,aggregate_only
yellow_taxi,yellow_tripdata_2022-09.parquet,https://d37ci6vzurychx.cloudfront.net/trip-data/yellow_tripdata_2022-09.parquet,{},2026-10-09T16:50:26+00:00,49619957,1ce6af91b4eb1583d3e710fec414c0aedddec96517b309506e7d12c3de72bb02,3183767,must_match,aggregate_only
yellow_taxi,yellow_tripdata_2022-10.parquet,https://d37ci6vzurychx.cloudfront.net/trip-data/yellow_tripdata_2022-10.parquet,{},2026-10-09T16:50:50+00:00,57061938,3f3cab00e7d236735d3ab227e54ffe48fd28b0afbb30ae90d843d7a065a3ae69,3675411,must_match,aggregate_only
yellow_taxi,yellow_tripdata_2022-11.parquet,https://d37ci6vzurychx.cloudfront.net/trip-data/yellow_tripdata_2022-11.parquet,{},2026-10-09T16:51:07+00:00,50106631,bf9fc6cd403320f2d00c2672fe1d4d58594c56ed7f64ab9bc7021d4c12bb543c,3252717,must_match,aggregate_only
yellow_taxi,yellow_tripdata_2022-12.parquet,https://d37ci6vzurychx.cloudfront.net/trip-data/yellow_tripdata_2022-12.parquet,{},2026-10-09T16:51:27+00:00,53640739,4a9a69306bd36547b2eed3ecfa7365b53c2872f45b9647834dbd5166dee93708,3399549,must_match,aggregate_only
yellow_taxi,yellow_tripdata_2023-01.parquet,https://d37ci6vzurychx.cloudfront.net/trip-data/yellow_tripdata_2023-01.parquet,{},2026-10-09T16:51:42+00:00,47673370,32df6f67578fa86c484a6b5ef23a5281992ff085521082340b0f9e5889e9a572,3066766,must_match,aggregate_only
yellow_taxi,yellow_tripdata_2023-02.parquet,https://d37ci6vzurychx.cloudfront.net/trip-data/yellow_tripdata_2023-02.parquet,{},2026-10-09T16:52:01+00:00,47748012,4809e6aaac64f05a62d16a25d55713be1537ad64fc261e895eaf2d2120fe750a,2913955,must_match,aggregate_only
yellow_taxi,yellow_tripdata_2023-03.parquet,https://d37ci6vzurychx.cloudfront.net/trip-data/yellow_tripdata_2023-03.parquet,{},2026-10-09T16:52:27+00:00,56127762,e7d44943111b007bf0e7084863511886e0db29f862f9a96239383a1f86c6c26e,3403766,must_match,aggregate_only
yellow_taxi,yellow_tripdata_2023-04.parquet,https://d37ci6vzurychx.cloudfront.net/trip-data/yellow_tripdata_2023-04.parquet,{},2026-10-09T16:52:58+00:00,54222699,95c01c53c865e06489179bdecce3a59603697a1557c4d5d183c20ae13a144dc6,3288250,must_match,aggregate_only
yellow_taxi,yellow_tripdata_2023-05.parquet,https://d37ci6vzurychx.cloudfront.net/trip-data/yellow_tripdata_2023-05.parquet,{},2026-10-09T16:53:38+00:00,58654627,9bd7d1c557bb9d0413619ba296b4828b884852a70bd07f2230b83f080d9a8591,3513649,must_match,aggregate_only
yellow_taxi,yellow_tripdata_2023-06.parquet,https://d37ci6vzurychx.cloudfront.net/trip-data/yellow_tripdata_2023-06.parquet,{},2026-10-09T16:54:11+00:00,54999465,3e60e29b5df45683948b68acbfb503aa459d14162c610622585c6580fdbfc73a,3307234,must_match,aggregate_only
yellow_taxi,yellow_tripdata_2023-07.parquet,https://d37ci6vzurychx.cloudfront.net/trip-data/yellow_tripdata_2023-07.parquet,{},2026-10-09T16:54:32+00:00,48361828,98504ae351d920e9e0b61241f5707f90ee1588cfb199c378459234b5035805ab,2907108,must_match,aggregate_only
yellow_taxi,yellow_tripdata_2023-08.parquet,https://d37ci6vzurychx.cloudfront.net/trip-data/yellow_tripdata_2023-08.parquet,{},2026-10-09T16:55:46+00:00,48152353,84ce36a2f84fa14c12fd976c79a7d4f30c871f1782b08ca7c27bb76ab946e66b,2824209,must_match,aggregate_only
yellow_taxi,yellow_tripdata_2023-09.parquet,https://d37ci6vzurychx.cloudfront.net/trip-data/yellow_tripdata_2023-09.parquet,{},2026-10-09T16:56:15+00:00,47895515,091bf156bea5bb10bd217f5f12375f966f8789349af45d5ee4153e3e1e077a87,2846722,must_match,aggregate_only
yellow_taxi,yellow_tripdata_2023-10.parquet,https://d37ci6vzurychx.cloudfront.net/trip-data/yellow_tripdata_2023-10.parquet,{},2026-10-09T16:59:11+00:00,59009059,dc5f069476d350df802ed8120f3b39ec321c34cfa905381e87f608c78ca0c645,3522285,must_match,aggregate_only
yellow_taxi,yellow_tripdata_2023-11.parquet,https://d37ci6vzurychx.cloudfront.net/trip-data/yellow_tripdata_2023-11.parquet,{},2026-10-09T17:01:13+00:00,56094653,af203de0e73a92d640121f02a34326f25037d62380fc406237c87c2a4231ae58,3339715,must_match,aggregate_only
yellow_taxi,yellow_tripdata_2023-12.parquet,https://d37ci6vzurychx.cloudfront.net/trip-data/yellow_tripdata_2023-12.parquet,{},2026-10-09T15:46:40+00:00,56804275,ab4f4db11cb31484747f62eb507c13fcfaff290aaf59c13e6465dea0b1166b9c,3376567,must_match,aggregate_only
yellow_taxi,yellow_tripdata_2024-01.parquet,https://d37ci6vzurychx.cloudfront.net/trip-data/yellow_tripdata_2024-01.parquet,{},2026-10-09T11:57:14+00:00,49961641,c4d59da7bbc8abaeeeb1727947ee93d9891a71acb42854bd80db1571b2030510,2964624,must_match,file
yellow_taxi,yellow_tripdata_2024-02.parquet,https://d37ci6vzurychx.cloudfront.net/trip-data/yellow_tripdata_2024-02.parquet,{},2026-10-09T11:58:06+00:00,50349284,c76c43c18c6c6664080dd920baab4928988d5786a6b65980792ca7cd796f9f20,3007526,must_match,file
yellow_taxi,yellow_tripdata_2024-03.parquet,https://d37ci6vzurychx.cloudfront.net/trip-data/yellow_tripdata_2024-03.parquet,{},2026-10-09T11:58:42+00:00,60078280,2d4cdc8fb96726cdd3803b13b02d2e61e71d45720aff0ebc693a8bdd1f249823,3582628,must_match,file
yellow_taxi,yellow_tripdata_2024-04.parquet,https://d37ci6vzurychx.cloudfront.net/trip-data/yellow_tripdata_2024-04.parquet,{},2026-10-09T11:59:27+00:00,59133625,ce37f736c7cf9e92164c850ef2b502a8f7bb590fc1804b6edbcb80293da01b89,3514289,must_match,file
yellow_taxi,yellow_tripdata_2024-05.parquet,https://d37ci6vzurychx.cloudfront.net/trip-data/yellow_tripdata_2024-05.parquet,{},2026-10-09T11:59:48+00:00,62553128,1974230be2b5a3ea92e47b5eb77f32dbf1de896d81ad8df4ab6faba52749ad23,3723833,must_match,file
yellow_taxi,yellow_tripdata_2024-06.parquet,https://d37ci6vzurychx.cloudfront.net/trip-data/yellow_tripdata_2024-06.parquet,{},2026-10-09T12:00:19+00:00,59859922,677cf14c8347f745b583f012fbdba072334c6c4efa17bfd6a64369f2ba30329c,3539193,must_match,file
yellow_taxi,yellow_tripdata_2024-07.parquet,https://d37ci6vzurychx.cloudfront.net/trip-data/yellow_tripdata_2024-07.parquet,{},2026-10-09T12:00:50+00:00,52299432,af12d6b04daeb78550799ae99933d495b27d715b6dbb0fad9bb750a4537d3070,3076903,must_match,file
yellow_taxi,yellow_tripdata_2024-08.parquet,https://d37ci6vzurychx.cloudfront.net/trip-data/yellow_tripdata_2024-08.parquet,{},2026-10-09T12:01:38+00:00,51067350,7315643dd16bafc03e27d9903edbfd35404c2550a695d0da0a3e73852d940cfb,2979183,must_match,file
yellow_taxi,yellow_tripdata_2024-09.parquet,https://d37ci6vzurychx.cloudfront.net/trip-data/yellow_tripdata_2024-09.parquet,{},2026-10-09T12:02:10+00:00,61170186,2f42e4a383a6635de803001462848d0aee2b47f6ce899126805d2d05361fb843,3633030,must_match,file
yellow_taxi,yellow_tripdata_2024-10.parquet,https://d37ci6vzurychx.cloudfront.net/trip-data/yellow_tripdata_2024-10.parquet,{},2026-10-09T12:02:32+00:00,64346071,d19fe05aa0b259af24eb47051735293287f1e6dc263ba04030ec1ab4c6ec2650,3833771,must_match,file
yellow_taxi,yellow_tripdata_2024-11.parquet,https://d37ci6vzurychx.cloudfront.net/trip-data/yellow_tripdata_2024-11.parquet,{},2026-10-09T12:02:48+00:00,60658709,5ef321876de5007a7c147a347389133fc94fd7ac28f82eb1d57d8f2cf05cfd3b,3646369,must_match,file
yellow_taxi,yellow_tripdata_2024-12.parquet,https://d37ci6vzurychx.cloudfront.net/trip-data/yellow_tripdata_2024-12.parquet,{},2026-10-09T12:03:12+00:00,61524085,41ebf7db80bebde60c58e5143c14cdf38ad04a0f3e3ff44215b3e240d55f6c78,3668371,must_match,file
yellow_taxi,yellow_tripdata_2025-01.parquet,https://d37ci6vzurychx.cloudfront.net/trip-data/yellow_tripdata_2025-01.parquet,{},2026-10-09T12:04:04+00:00,59158238,9af277e4c0d3f9deb30644da822981e1e7df6af58313170fd3aa8a474485488a,3475226,must_match,file
yellow_taxi,yellow_tripdata_2025-02.parquet,https://d37ci6vzurychx.cloudfront.net/trip-data/yellow_tripdata_2025-02.parquet,{},2026-10-09T12:04:27+00:00,60343086,037cba555a73663f3a51a2c27816e40e3feb364769942bdf122b9da31e377bd3,3577543,must_match,file
yellow_taxi,yellow_tripdata_2025-03.parquet,https://d37ci6vzurychx.cloudfront.net/trip-data/yellow_tripdata_2025-03.parquet,{},2026-10-09T12:04:47+00:00,69964745,20c4b77cce457b7cfdae77c5069ca7dc91c167f876a41467f4502ab69487a186,4145257,must_match,file
yellow_taxi,yellow_tripdata_2025-04.parquet,https://d37ci6vzurychx.cloudfront.net/trip-data/yellow_tripdata_2025-04.parquet,{},2026-10-09T12:05:13+00:00,67352824,6f98938de9380a3f85600533816f0dc0e6d9b5b210e485d623952bac599bbe28,3970553,must_match,file
yellow_taxi,yellow_tripdata_2025-05.parquet,https://d37ci6vzurychx.cloudfront.net/trip-data/yellow_tripdata_2025-05.parquet,{},2026-10-09T12:06:27+00:00,77837865,7ef46bcd0fceee7f8c0bb38a532be05bceefabb512d4bb0b32a7727dd862b15c,4591845,must_match,file
yellow_taxi,yellow_tripdata_2025-06.parquet,https://d37ci6vzurychx.cloudfront.net/trip-data/yellow_tripdata_2025-06.parquet,{},2026-10-09T12:07:05+00:00,73542954,1bea7f5b09c744414451fa7fef09fbc5a393ffb1621c859be6ba0df23a14e1b6,4322960,must_match,file
yellow_taxi,yellow_tripdata_2025-07.parquet,https://d37ci6vzurychx.cloudfront.net/trip-data/yellow_tripdata_2025-07.parquet,{},2026-10-09T12:07:47+00:00,66943728,1efa6a0458dc60341f7f81dcbb5015af731f42d1a109f4e0d594dd46970fd4ef,3898963,must_match,file
yellow_taxi,yellow_tripdata_2025-08.parquet,https://d37ci6vzurychx.cloudfront.net/trip-data/yellow_tripdata_2025-08.parquet,{},2026-10-09T12:08:49+00:00,62293743,b982ace703e3564d92e94edae5ec93515f4f1fb07a5b95e7404c32464c1a6a89,3574091,must_match,file
yellow_taxi,yellow_tripdata_2025-09.parquet,https://d37ci6vzurychx.cloudfront.net/trip-data/yellow_tripdata_2025-09.parquet,{},2026-10-09T12:10:10+00:00,72432945,cd39b9901f01d1fd752d45cbaec91ee5f68c4dddf9e261e938c1dbab404644c7,4251015,must_match,file
yellow_taxi,yellow_tripdata_2025-10.parquet,https://d37ci6vzurychx.cloudfront.net/trip-data/yellow_tripdata_2025-10.parquet,{},2026-10-09T12:10:34+00:00,75267589,e1f63caf331bc6230d9c6f757cb88e55fdc2bddde185fb414d2c947abdc773c3,4428699,must_match,file
yellow_taxi,yellow_tripdata_2025-11.parquet,https://d37ci6vzurychx.cloudfront.net/trip-data/yellow_tripdata_2025-11.parquet,{},2026-10-09T12:11:42+00:00,71134255,2cf2f3127f96d4d5dea30f8afe05119cf8e4ba57bd9e60b789d3f296fc8459ab,4181444,must_match,file
yellow_taxi,yellow_tripdata_2025-12.parquet,https://d37ci6vzurychx.cloudfront.net/trip-data/yellow_tripdata_2025-12.parquet,{},2026-10-09T12:12:15+00:00,73701327,eaba7ff61ebb6453fc6f673fda43d621380307f869b768b124992e8486c785e1,4305006,must_match,file
